id,timestamp,user_id,request_text,true_category,true_scenario,token_count,response_time_sec,satisfaction_score
a885efa5,2024-01-01T01:50:00,user_025,"Создай задачу в Jira для исправления бага в платёжной системе 

Контекст: Работаю над проектом в сфере IT, команда из 10 человек. Срочность: средняя. Дополнительные требования: стиль — деловой, объём — кратко.

Создай задачу в Jira для исправления бага в платёжной системе Создай задачу в Jira для исправления бага в платёжной системе Создай задачу в Jira для исправления бага в платёжной системе Создай задачу в Jira для исправления бага в платёжной системе Создай задачу в Jira для исправления бага в платёжной системе Создай задачу в Jira для исправления бага в платёжной системе Создай задачу в Jira для исправления бага в платёжной системе Создай задачу в Jira для исправления бага в платёжной системе",Работа с документами,Работа с Jira/Confluence,117598,22.54,5
67015bbf,2024-01-01T11:19:00,user_032,"Напиши скрипт холодного звонка для нового продукта 

Контекст: Работаю над проектом в сфере IT, команда из 10 человек. Срочность: высокая. Дополнительные требования: стиль — деловой, объём — подробно.

Напиши скрипт холодного звонка для нового продукта Напиши скрипт холодного звонка для нового продукта Напиши скрипт холодного звонка для нового продукта Напиши скрипт холодного звонка для нового продукта Напиши скрипт холодного звонка для нового продукта Напиши скрипт холодного звонка для нового продукта Напиши скрипт холодного звонка для нового продукта Напиши скрипт холодного звонка для нового продукта",Работа с клиентами,Продажи и переговоры,74777,43.96,5
aa5f9fed,2024-01-01T17:50:00,user_019,"Создай рекламный слоган для нового сервиса 

Контекст: Работаю над проектом в сфере IT, команда из 10 человек. Срочность: средняя. Дополнительные требования: стиль — деловой, объём — кратко.

Создай рекламный слоган для нового сервиса Создай рекламный слоган для нового сервиса Создай рекламный слоган для нового сервиса",Генерация текста,Создание маркетинговых текстов,107914,31.22,4
d80a088a,2024-01-01T23:45:00,user_009,"Напиши инструкцию для клиента по настройке интеграции 

Контекст: Работаю над проектом в сфере IT, команда из 10 человек. Срочность: высокая. Дополнительные требования: стиль — деловой, объём — кратко.

Напиши инструкцию для клиента по настройке интеграции Напиши инструкцию для клиента по настройке интеграции Напиши инструкцию для клиента по настройке интеграции Напиши инструкцию для клиента по настройке интеграции Напиши инструкцию для клиента по настройке интеграции Напиши инструкцию для клиента по настройке интеграции",Работа с клиентами,Поддержка клиентов,90503,26.63,4
ec6056aa,2024-01-02T02:11:00,user_014,"Проанализируй данные о продажах за последний квартал 

Контекст: Работаю над проектом в сфере IT, команда из 10 человек. Срочность: высокая. Дополнительные требования: стиль — деловой, объём — кратко.

Проанализируй данные о продажах за последний квартал Проанализируй данные о продажах за последний квартал Проанализируй данные о продажах за последний квартал Проанализируй данные о продажах за последний квартал Проанализируй данные о продажах за последний квартал Проанализируй данные о продажах за последний квартал Проанализируй данные о продажах за последний квартал Проанализируй данные о продажах за последний квартал",Анализ данных,Сбор аналитики,128812,21.74,
a346c377,2024-01-03T04:50:00,user_048,"Напиши краткий отчёт о проделанной работе за неделю 

Контекст: Работаю над проектом в сфере IT, команда из 10 человек. Срочность: средняя. Дополнительные требования: стиль — деловой, объём — кратко.

Напиши краткий отчёт о проделанной работе за неделю Напиши краткий отчёт о проделанной работе за неделю Напиши краткий отчёт о проделанной работе за неделю",Генерация текста,Генерация отчётов и резюме,123270,19.0,1
46a45040,2024-01-04T14:22:00,user_048,"Исправь race condition в многопоточном коде 

Контекст: Работаю над проектом в сфере IT, команда из 10 человек. Срочность: средняя. Дополнительные требования: стиль — деловой, объём — кратко.

Исправь race condition в многопоточном коде Исправь race condition в многопоточном коде Исправь race condition в многопоточном коде",Написание кода,Анализ и оптимизация кода,70453,12.98,4
c480dc1e,2024-01-04T16:33:00,user_042,"Оцени риски перехода на новую технологию 

Контекст: Работаю над проектом в сфере IT, команда из 10 человек. Срочность: высокая. Дополнительные требования: стиль — деловой, объём — кратко.

Оцени риски перехода на новую технологию Оцени риски перехода на новую технологию Оцени риски перехода на новую технологию Оцени риски перехода на новую технологию Оцени риски перехода на новую технологию",Обучение и онбординг,Стратегические вопросы,53137,41.63,3
10ae0bc1,2024-01-05T04:51:00,user_013,"Проверь входящие и составь краткую сводку важных писем 

Контекст: Работаю над проектом в сфере IT, команда из 10 человек. Срочность: высокая. Дополнительные требования: стиль — деловой, объём — подробно.

Проверь входящие и составь краткую сводку важных писем Проверь входящие и составь краткую сводку важных писем Проверь входящие и составь краткую сводку важных писем",Работа с документами,Мониторинг почты,142279,21.16,3
1798300d,2024-01-05T08:45:00,user_034,"Что такое Kubernetes и когда его использовать? 

Контекст: Работаю над проектом в сфере IT, команда из 10 человек. Срочность: средняя. Дополнительные требования: стиль — деловой, объём — подробно.

Что такое Kubernetes и когда его использовать? Что такое Kubernetes и когда его использовать? Что такое Kubernetes и когда его использовать? Что такое Kubernetes и когда его использовать? Что такое Kubernetes и когда его использовать? Что такое Kubernetes и когда его использовать?",Обучение и онбординг,Технические вопросы,111370,40.94,2
b7598537,2024-01-05T11:50:00,user_019,"Создай CI/CD пайплайн для автоматического деплоя 

Контекст: Работаю над проектом в сфере IT, команда из 10 человек. Срочность: средняя. Дополнительные требования: стиль — деловой, объём — кратко.

Создай CI/CD пайплайн для автоматического деплоя Создай CI/CD пайплайн для автоматического деплоя Создай CI/CD пайплайн для автоматического деплоя",Написание кода,Разработка веб-приложений,53415,17.19,5
3d584a92,2024-01-05T17:32:00,user_002,"Создай презентацию на основе отчёта аналитиков 

Контекст: Работаю над проектом в сфере IT, команда из 10 человек. Срочность: средняя. Дополнительные требования: стиль — деловой, объём — подробно.

Создай презентацию на основе отчёта аналитиков Создай презентацию на основе отчёта аналитиков Создай презентацию на основе отчёта аналитиков Создай презентацию на основе отчёта аналитиков Создай презентацию на основе отчёта аналитиков Создай презентацию на основе отчёта аналитиков",Работа с документами,Обработка документов,118680,2.65,3
1c14bae3,2024-01-05T20:40:00,user_048,"Объясни архитектуру нашего проекта новому разработчику 

Контекст: Работаю над проектом в сфере IT, команда из 10 человек. Срочность: средняя. Дополнительные требования: стиль — деловой, объём — кратко.

Объясни архитектуру нашего проекта новому разработчику Объясни архитектуру нашего проекта новому разработчику Объясни архитектуру нашего проекта новому разработчику Объясни архитектуру нашего проекта новому разработчику Объясни архитектуру нашего проекта новому разработчику",Обучение и онбординг,Обучение сотрудников,127446,24.87,5
a9ae99e7,2024-01-06T23:14:00,user_025,"Составь техническое задание на разработку мобильного приложения 

Контекст: Работаю над проектом в сфере IT, команда из 10 человек. Срочность: высокая. Дополнительные требования: стиль — деловой, объём — кратко.

Составь техническое задание на разработку мобильного приложения Составь техническое задание на разработку мобильного приложения Составь техническое задание на разработку мобильного приложения Составь техническое задание на разработку мобильного приложения",Обучение и онбординг,Стратегические вопросы,55095,38.85,5
8c74eca7,2024-01-07T02:21:00,user_050,"Напиши email-рассылку для клиентов о скидках 

Контекст: Работаю над проектом в сфере IT, команда из 10 человек. Срочность: высокая. Дополнительные требования: стиль — деловой, объём — подробно.

Напиши email-рассылку для клиентов о скидках Напиши email-рассылку для клиентов о скидках Напиши email-рассылку для клиентов о скидках Напиши email-рассылку для клиентов о скидках Напиши email-рассылку для клиентов о скидках Напиши email-рассылку для клиентов о скидках Напиши email-рассылку для клиентов о скидках Напиши email-рассылку для клиентов о скидках",Генерация текста,Создание маркетинговых текстов,80423,11.31,
4a791c21,2024-01-07T14:08:00,user_006,"Как организовать code review в команде из 15 человек? 

Контекст: Работаю над проектом в сфере IT, команда из 10 человек. Срочность: средняя. Дополнительные требования: стиль — деловой, объём — кратко.

Как организовать code review в команде из 15 человек? Как организовать code review в команде из 15 человек? Как организовать code review в команде из 15 человек? Как организовать code review в команде из 15 человек?",Обучение и онбординг,Стратегические вопросы,116424,2.68,
c87577dc,2024-01-08T04:22:00,user_001,"Напиши acceptance criteria для user story 

Контекст: Работаю над проектом в сфере IT, команда из 10 человек. Срочность: высокая. Дополнительные требования: стиль — деловой, объём — кратко.

Напиши acceptance criteria для user story Напиши acceptance criteria для user story Напиши acceptance criteria для user story",Работа с документами,Работа с Jira/Confluence,108356,23.43,4
165df6a3,2024-01-08T09:37:00,user_011,"Составь отчёт о непрочитанных письмах за день 

Контекст: Работаю над проектом в сфере IT, команда из 10 человек. Срочность: средняя. Дополнительные требования: стиль — деловой, объём — подробно.

Составь отчёт о непрочитанных письмах за день Составь отчёт о непрочитанных письмах за день Составь отчёт о непрочитанных письмах за день Составь отчёт о непрочитанных письмах за день Составь отчёт о непрочитанных письмах за день Составь отчёт о непрочитанных письмах за день Составь отчёт о непрочитанных письмах за день",Работа с документами,Мониторинг почты,119193,3.08,1
d53220a3,2024-01-08T16:36:00,user_021,"Напиши краткий отчёт о проделанной работе за неделю 

Контекст: Работаю над проектом в сфере IT, команда из 10 человек. Срочность: средняя. Дополнительные требования: стиль — деловой, объём — кратко.

Напиши краткий отчёт о проделанной работе за неделю Напиши краткий отчёт о проделанной работе за неделю Напиши краткий отчёт о проделанной работе за неделю Напиши краткий отчёт о проделанной работе за неделю Напиши краткий отчёт о проделанной работе за неделю",Генерация текста,Генерация отчётов и резюме,86281,23.03,5
c8229a4a,2024-01-08T19:18:00,user_028,"Напиши программу для пакетного переименования файлов 

Контекст: Работаю над проектом в сфере IT, команда из 10 человек. Срочность: средняя. Дополнительные требования: стиль — деловой, объём — подробно.

Напиши программу для пакетного переименования файлов Напиши программу для пакетного переименования файлов Напиши программу для пакетного переименования файлов Напиши программу для пакетного переименования файлов Напиши программу для пакетного переименования файлов",Написание кода,Автоматизация рутины,75660,21.7,3
720b0e23,2024-01-09T02:44:00,user_030,"Создай саммари ключевых решений совещания 

Контекст: Работаю над проектом в сфере IT, команда из 10 человек. Срочность: высокая. Дополнительные требования: стиль — деловой, объём — кратко.

Создай саммари ключевых решений совещания Создай саммари ключевых решений совещания Создай саммари ключевых решений совещания Создай саммари ключевых решений совещания Создай саммари ключевых решений совещания Создай саммари ключевых решений совещания",Генерация текста,Генерация отчётов и резюме,88760,25.75,5
67424f8c,2024-01-09T02:51:00,user_019,"Напиши WebSocket-сервер для чата в реальном времени 

Контекст: Работаю над проектом в сфере IT, команда из 10 человек. Срочность: средняя. Дополнительные требования: стиль — деловой, объём — подробно.

Напиши WebSocket-сервер для чата в реальном времени Напиши WebSocket-сервер для чата в реальном времени Напиши WebSocket-сервер для чата в реальном времени Напиши WebSocket-сервер для чата в реальном времени",Написание кода,Разработка веб-приложений,120814,12.45,1
9cdd37ff,2024-01-09T04:49:00,user_002,"Найди все письма от ключевых клиентов за неделю 

Контекст: Работаю над проектом в сфере IT, команда из 10 человек. Срочность: средняя. Дополнительные требования: стиль — деловой, объём — кратко.

Найди все письма от ключевых клиентов за неделю Найди все письма от ключевых клиентов за неделю Найди все письма от ключевых клиентов за неделю Найди все письма от ключевых клиентов за неделю Найди все письма от ключевых клиентов за неделю Найди все письма от ключевых клиентов за неделю Найди все письма от ключевых клиентов за неделю",Работа с документами,Мониторинг почты,138231,8.36,5
ad1dab2c,2024-01-09T07:04:00,user_043,"Найди аномалии в данных о транзакциях 

Контекст: Работаю над проектом в сфере IT, команда из 10 человек. Срочность: средняя. Дополнительные требования: стиль — деловой, объём — подробно.

Найди аномалии в данных о транзакциях Найди аномалии в данных о транзакциях Найди аномалии в данных о транзакциях Найди аномалии в данных о транзакциях Найди аномалии в данных о транзакциях Найди аномалии в данных о транзакциях",Анализ данных,Сбор аналитики,142068,22.03,2
02e44a4d,2024-01-09T21:32:00,user_001,"Что такое Docker и зачем он нужен? 

Контекст: Работаю над проектом в сфере IT, команда из 10 человек. Срочность: средняя. Дополнительные требования: стиль — деловой, объём — кратко.

Что такое Docker и зачем он нужен? Что такое Docker и зачем он нужен? Что такое Docker и зачем он нужен? Что такое Docker и зачем он нужен? Что такое Docker и зачем он нужен? Что такое Docker и зачем он нужен? Что такое Docker и зачем он нужен? Что такое Docker и зачем он нужен?",Обучение и онбординг,Технические вопросы,117867,30.98,1
9a78bcde,2024-01-10T04:07:00,user_009,"Напиши продающий текст для лендинга нашего продукта 

Контекст: Работаю над проектом в сфере IT, команда из 10 человек. Срочность: средняя. Дополнительные требования: стиль — деловой, объём — кратко.

Напиши продающий текст для лендинга нашего продукта Напиши продающий текст для лендинга нашего продукта Напиши продающий текст для лендинга нашего продукта Напиши продающий текст для лендинга нашего продукта Напиши продающий текст для лендинга нашего продукта",Генерация текста,Создание маркетинговых текстов,126573,20.34,
26c0c935,2024-01-10T05:26:00,user_032,"Найди аномалии в данных о транзакциях 

Контекст: Работаю над проектом в сфере IT, команда из 10 человек. Срочность: средняя. Дополнительные требования: стиль — деловой, объём — кратко.

Найди аномалии в данных о транзакциях Найди аномалии в данных о транзакциях Найди аномалии в данных о транзакциях Найди аномалии в данных о транзакциях Найди аномалии в данных о транзакциях Найди аномалии в данных о транзакциях Найди аномалии в данных о транзакциях",Анализ данных,Сбор аналитики,126685,9.93,1
cdd45649,2024-01-10T09:09:00,user_016,"Напиши описание для bug report в Jira 

Контекст: Работаю над проектом в сфере IT, команда из 10 человек. Срочность: средняя. Дополнительные требования: стиль — деловой, объём — подробно.

Напиши описание для bug report в Jira Напиши описание для bug report в Jira Напиши описание для bug report в Jira",Работа с документами,Работа с Jira/Confluence,73549,15.76,3
52d3c446,2024-01-10T09:16:00,user_016,"Составь описание продукта для маркетплейса 

Контекст: Работаю над проектом в сфере IT, команда из 10 человек. Срочность: высокая. Дополнительные требования: стиль — деловой, объём — кратко.

Составь описание продукта для маркетплейса Составь описание продукта для маркетплейса Составь описание продукта для маркетплейса Составь описание продукта для маркетплейса",Генерация текста,Создание маркетинговых текстов,148367,24.29,
e89236de,2024-01-10T14:27:00,user_023,"Создай скрипт для автоматической генерации документов по шаблону 

Контекст: Работаю над проектом в сфере IT, команда из 10 человек. Срочность: высокая. Дополнительные требования: стиль — деловой, объём — кратко.

Создай скрипт для автоматической генерации документов по шаблону Создай скрипт для автоматической генерации документов по шаблону Создай скрипт для автоматической генерации документов по шаблону Создай скрипт для автоматической генерации документов по шаблону Создай скрипт для автоматической генерации документов по шаблону Создай скрипт для автоматической генерации документов по шаблону",Написание кода,Автоматизация рутины,65596,33.35,5
48106e87,2024-01-10T16:23:00,user_007,"Составь отчёт об анализе рынка для инвесторов 

Контекст: Работаю над проектом в сфере IT, команда из 10 человек. Срочность: средняя. Дополнительные требования: стиль — деловой, объём — кратко.

Составь отчёт об анализе рынка для инвесторов Составь отчёт об анализе рынка для инвесторов Составь отчёт об анализе рынка для инвесторов Составь отчёт об анализе рынка для инвесторов",Генерация текста,Генерация отчётов и резюме,133978,4.09,2
2aa0d25c,2024-01-10T22:56:00,user_022,"Предскажи вероятность оттока для каждого клиента 

Контекст: Работаю над проектом в сфере IT, команда из 10 человек. Срочность: высокая. Дополнительные требования: стиль — деловой, объём — кратко.

Предскажи вероятность оттока для каждого клиента Предскажи вероятность оттока для каждого клиента Предскажи вероятность оттока для каждого клиента",Анализ данных,Прогнозирование,75431,15.6,5
4e5d8010,2024-01-11T21:19:00,user_025,"Создай саммари ключевых решений совещания 

Контекст: Работаю над проектом в сфере IT, команда из 10 человек. Срочность: средняя. Дополнительные требования: стиль — деловой, объём — подробно.

Создай саммари ключевых решений совещания Создай саммари ключевых решений совещания Создай саммари ключевых решений совещания Создай саммари ключевых решений совещания Создай саммари ключевых решений совещания Создай саммари ключевых решений совещания Создай саммари ключевых решений совещания",Генерация текста,Генерация отчётов и резюме,94560,20.58,2
152b2a6e,2024-01-12T03:43:00,user_029,"Создай тепловую карту активности пользователей 

Контекст: Работаю над проектом в сфере IT, команда из 10 человек. Срочность: средняя. Дополнительные требования: стиль — деловой, объём — кратко.

Создай тепловую карту активности пользователей Создай тепловую карту активности пользователей Создай тепловую карту активности пользователей Создай тепловую карту активности пользователей Создай тепловую карту активности пользователей Создай тепловую карту активности пользователей Создай тепловую карту активности пользователей Создай тепловую карту активности пользователей",Анализ данных,Визуализация данных,52379,29.79,3
2eab25b7,2024-01-12T04:06:00,user_012,"Как устроена работа DNS? 

Контекст: Работаю над проектом в сфере IT, команда из 10 человек. Срочность: средняя. Дополнительные требования: стиль — деловой, объём — подробно.

Как устроена работа DNS? Как устроена работа DNS? Как устроена работа DNS?",Обучение и онбординг,Технические вопросы,116087,31.72,3
19bdfd4b,2024-01-12T12:32:00,user_034,"Спрогнозируй бюджет проекта на основе текущих трендов 

Контекст: Работаю над проектом в сфере IT, команда из 10 человек. Срочность: средняя. Дополнительные требования: стиль — деловой, объём — подробно.

Спрогнозируй бюджет проекта на основе текущих трендов Спрогнозируй бюджет проекта на основе текущих трендов Спрогнозируй бюджет проекта на основе текущих трендов Спрогнозируй бюджет проекта на основе текущих трендов Спрогнозируй бюджет проекта на основе текущих трендов Спрогнозируй бюджет проекта на основе текущих трендов",Анализ данных,Прогнозирование,132636,7.39,
c6ffa3e2,2024-01-12T16:40:00,user_050,"Обнови retro-документ по итогам спринта 

Контекст: Работаю над проектом в сфере IT, команда из 10 человек. Срочность: высокая. Дополнительные требования: стиль — деловой, объём — кратко.

Обнови retro-документ по итогам спринта Обнови retro-документ по итогам спринта Обнови retro-документ по итогам спринта",Работа с документами,Работа с Jira/Confluence,117538,18.23,
d340983c,2024-01-12T22:57:00,user_047,"Создай шаблон письма о плановых технических работах 

Контекст: Работаю над проектом в сфере IT, команда из 10 человек. Срочность: высокая. Дополнительные требования: стиль — деловой, объём — подробно.

Создай шаблон письма о плановых технических работах Создай шаблон письма о плановых технических работах Создай шаблон письма о плановых технических работах Создай шаблон письма о плановых технических работах Создай шаблон письма о плановых технических работах Создай шаблон письма о плановых технических работах",Работа с клиентами,Поддержка клиентов,142217,15.45,3
a8bbb90e,2024-01-13T02:04:00,user_014,"Обнови страницу Confluence с документацией API 

Контекст: Работаю над проектом в сфере IT, команда из 10 человек. Срочность: высокая. Дополнительные требования: стиль — деловой, объём — подробно.

Обнови страницу Confluence с документацией API Обнови страницу Confluence с документацией API Обнови страницу Confluence с документацией API Обнови страницу Confluence с документацией API",Работа с документами,Работа с Jira/Confluence,87697,27.26,3
0dc510e6,2024-01-13T23:54:00,user_021,"Напиши WebSocket-сервер для чата в реальном времени 

Контекст: Работаю над проектом в сфере IT, команда из 10 человек. Срочность: высокая. Дополнительные требования: стиль — деловой, объём — кратко.

Напиши WebSocket-сервер для чата в реальном времени Напиши WebSocket-сервер для чата в реальном времени Напиши WebSocket-сервер для чата в реальном времени Напиши WebSocket-сервер для чата в реальном времени Напиши WebSocket-сервер для чата в реальном времени Напиши WebSocket-сервер для чата в реальном времени Напиши WebSocket-сервер для чата в реальном времени Напиши WebSocket-сервер для чата в реальном времени",Написание кода,Разработка веб-приложений,139147,9.97,1
03752b88,2024-01-15T00:53:00,user_020,"Напиши программу для конвертации документов из PDF в Word 

Контекст: Работаю над проектом в сфере IT, команда из 10 человек. Срочность: средняя. Дополнительные требования: стиль — деловой, объём — подробно.

Напиши программу для конвертации документов из PDF в Word Напиши программу для конвертации документов из PDF в Word Напиши программу для конвертации документов из PDF в Word Напиши программу для конвертации документов из PDF в Word Напиши программу для конвертации документов из PDF в Word",Написание кода,Автоматизация рутины,92533,28.31,4
67634d5e,2024-01-15T11:56:00,user_012,"Создай CRUD-эндпоинты для работы с товарами 

Контекст: Работаю над проектом в сфере IT, команда из 10 человек. Срочность: средняя. Дополнительные требования: стиль — деловой, объём — подробно.

Создай CRUD-эндпоинты для работы с товарами Создай CRUD-эндпоинты для работы с товарами Создай CRUD-эндпоинты для работы с товарами Создай CRUD-эндпоинты для работы с товарами",Написание кода,Разработка веб-приложений,137233,7.74,
021038f1,2024-01-15T12:19:00,user_049,"Извлеки все даты и дедлайны из проектной документации 

Контекст: Работаю над проектом в сфере IT, команда из 10 человек. Срочность: средняя. Дополнительные требования: стиль — деловой, объём — кратко.

Извлеки все даты и дедлайны из проектной документации Извлеки все даты и дедлайны из проектной документации Извлеки все даты и дедлайны из проектной документации Извлеки все даты и дедлайны из проектной документации Извлеки все даты и дедлайны из проектной документации Извлеки все даты и дедлайны из проектной документации",Работа с документами,Обработка документов,121488,19.84,3
f966c44d,2024-01-15T14:06:00,user_042,"Напиши инструкцию для клиента по настройке интеграции 

Контекст: Работаю над проектом в сфере IT, команда из 10 человек. Срочность: высокая. Дополнительные требования: стиль — деловой, объём — кратко.

Напиши инструкцию для клиента по настройке интеграции Напиши инструкцию для клиента по настройке интеграции Напиши инструкцию для клиента по настройке интеграции Напиши инструкцию для клиента по настройке интеграции Напиши инструкцию для клиента по настройке интеграции Напиши инструкцию для клиента по настройке интеграции",Работа с клиентами,Поддержка клиентов,52372,8.55,4
aaf9a93b,2024-01-15T14:42:00,user_034,"Проверь документ на соответствие стандартам компании 

Контекст: Работаю над проектом в сфере IT, команда из 10 человек. Срочность: средняя. Дополнительные требования: стиль — деловой, объём — кратко.

Проверь документ на соответствие стандартам компании Проверь документ на соответствие стандартам компании Проверь документ на соответствие стандартам компании",Работа с документами,Обработка документов,63035,25.89,1
3d595c0e,2024-01-15T19:56:00,user_024,"Составь черновик ответа на письмо от инвестора 

Контекст: Работаю над проектом в сфере IT, команда из 10 человек. Срочность: средняя. Дополнительные требования: стиль — деловой, объём — подробно.

Составь черновик ответа на письмо от инвестора Составь черновик ответа на письмо от инвестора Составь черновик ответа на письмо от инвестора Составь черновик ответа на письмо от инвестора Составь черновик ответа на письмо от инвестора Составь черновик ответа на письмо от инвестора",Работа с документами,Мониторинг почты,65433,24.78,4
5bc5cb92,2024-01-16T04:38:00,user_050,"Перепиши этот код с использованием паттерна Repository 

Контекст: Работаю над проектом в сфере IT, команда из 10 человек. Срочность: высокая. Дополнительные требования: стиль — деловой, объём — подробно.

Перепиши этот код с использованием паттерна Repository Перепиши этот код с использованием паттерна Repository Перепиши этот код с использованием паттерна Repository Перепиши этот код с использованием паттерна Repository Перепиши этот код с использованием паттерна Repository Перепиши этот код с использованием паттерна Repository Перепиши этот код с использованием паттерна Repository Перепиши этот код с использованием паттерна Repository",Написание кода,Анализ и оптимизация кода,52025,15.99,1
8afd3f29,2024-01-16T12:17:00,user_039,"Объясни паттерн проектирования Singleton на примере 

Контекст: Работаю над проектом в сфере IT, команда из 10 человек. Срочность: средняя. Дополнительные требования: стиль — деловой, объём — подробно.

Объясни паттерн проектирования Singleton на примере Объясни паттерн проектирования Singleton на примере Объясни паттерн проектирования Singleton на примере Объясни паттерн проектирования Singleton на примере Объясни паттерн проектирования Singleton на примере Объясни паттерн проектирования Singleton на примере Объясни паттерн проектирования Singleton на примере Объясни паттерн проектирования Singleton на примере",Обучение и онбординг,Технические вопросы,95211,17.33,1
17d6b84e,2024-01-17T22:42:00,user_023,"Создай FAQ по часто задаваемым вопросам клиентов 

Контекст: Работаю над проектом в сфере IT, команда из 10 человек. Срочность: высокая. Дополнительные требования: стиль — деловой, объём — подробно.

Создай FAQ по часто задаваемым вопросам клиентов Создай FAQ по часто задаваемым вопросам клиентов Создай FAQ по часто задаваемым вопросам клиентов Создай FAQ по часто задаваемым вопросам клиентов Создай FAQ по часто задаваемым вопросам клиентов Создай FAQ по часто задаваемым вопросам клиентов",Работа с клиентами,Поддержка клиентов,76335,15.8,
97a19468,2024-01-18T04:14:00,user_003,"Как организовать code review в команде из 15 человек? 

Контекст: Работаю над проектом в сфере IT, команда из 10 человек. Срочность: высокая. Дополнительные требования: стиль — деловой, объём — подробно.

Как организовать code review в команде из 15 человек? Как организовать code review в команде из 15 человек? Как организовать code review в команде из 15 человек? Как организовать code review в команде из 15 человек? Как организовать code review в команде из 15 человек? Как организовать code review в команде из 15 человек? Как организовать code review в команде из 15 человек? Как организовать code review в команде из 15 человек?",Обучение и онбординг,Стратегические вопросы,125066,22.62,2
e50132bc,2024-01-18T20:41:00,user_031,"Обнови страницу Confluence с документацией API 

Контекст: Работаю над проектом в сфере IT, команда из 10 человек. Срочность: высокая. Дополнительные требования: стиль — деловой, объём — подробно.

Обнови страницу Confluence с документацией API Обнови страницу Confluence с документацией API Обнови страницу Confluence с документацией API",Работа с документами,Работа с Jira/Confluence,59325,11.02,4
552fc69a,2024-01-19T03:12:00,user_006,"Напиши скрипт холодного звонка для нового продукта 

Контекст: Работаю над проектом в сфере IT, команда из 10 человек. Срочность: средняя. Дополнительные требования: стиль — деловой, объём — кратко.

Напиши скрипт холодного звонка для нового продукта Напиши скрипт холодного звонка для нового продукта Напиши скрипт холодного звонка для нового продукта Напиши скрипт холодного звонка для нового продукта",Работа с клиентами,Продажи и переговоры,118351,15.3,1
da57ae22,2024-01-19T14:09:00,user_027,"Построй диаграмму Санkey для анализа потока клиентов 

Контекст: Работаю над проектом в сфере IT, команда из 10 человек. Срочность: средняя. Дополнительные требования: стиль — деловой, объём — кратко.

Построй диаграмму Санkey для анализа потока клиентов Построй диаграмму Санkey для анализа потока клиентов Построй диаграмму Санkey для анализа потока клиентов Построй диаграмму Санkey для анализа потока клиентов Построй диаграмму Санkey для анализа потока клиентов",Анализ данных,Визуализация данных,95000,3.06,2
cdeb6760,2024-01-19T16:35:00,user_005,"Напиши сценарий для промо-видео 

Контекст: Работаю над проектом в сфере IT, команда из 10 человек. Срочность: высокая. Дополнительные требования: стиль — деловой, объём — кратко.

Напиши сценарий для промо-видео Напиши сценарий для промо-видео Напиши сценарий для промо-видео Напиши сценарий для промо-видео Напиши сценарий для промо-видео Напиши сценарий для промо-видео Напиши сценарий для промо-видео Напиши сценарий для промо-видео",Генерация текста,Создание маркетинговых текстов,77860,15.07,5
d3a88f55,2024-01-20T08:51:00,user_036,"Напиши программу для конвертации документов из PDF в Word 

Контекст: Работаю над проектом в сфере IT, команда из 10 человек. Срочность: высокая. Дополнительные требования: стиль — деловой, объём — кратко.

Напиши программу для конвертации документов из PDF в Word Напиши программу для конвертации документов из PDF в Word Напиши программу для конвертации документов из PDF в Word",Написание кода,Автоматизация рутины,63297,5.15,4
f726b009,2024-01-20T21:00:00,user_006,"Напиши unit-тесты для этого сервиса 

Контекст: Работаю над проектом в сфере IT, команда из 10 человек. Срочность: высокая. Дополнительные требования: стиль — деловой, объём — кратко.

Напиши unit-тесты для этого сервиса Напиши unit-тесты для этого сервиса Напиши unit-тесты для этого сервиса",Написание кода,Анализ и оптимизация кода,85096,11.22,3
a4eebc3f,2024-01-21T04:12:00,user_024,"Напиши сценарий для промо-видео 

Контекст: Работаю над проектом в сфере IT, команда из 10 человек. Срочность: средняя. Дополнительные требования: стиль — деловой, объём — кратко.

Напиши сценарий для промо-видео Напиши сценарий для промо-видео Напиши сценарий для промо-видео Напиши сценарий для промо-видео Напиши сценарий для промо-видео Напиши сценарий для промо-видео",Генерация текста,Создание маркетинговых текстов,125158,43.26,3
1b8c95db,2024-01-21T08:55:00,user_038,"Составь план переговоров с ключевым клиентом 

Контекст: Работаю над проектом в сфере IT, команда из 10 человек. Срочность: средняя. Дополнительные требования: стиль — деловой, объём — кратко.

Составь план переговоров с ключевым клиентом Составь план переговоров с ключевым клиентом Составь план переговоров с ключевым клиентом Составь план переговоров с ключевым клиентом Составь план переговоров с ключевым клиентом Составь план переговоров с ключевым клиентом Составь план переговоров с ключевым клиентом",Работа с клиентами,Продажи и переговоры,91855,3.07,3
2ef0b5ad,2024-01-21T14:20:00,user_016,"Создай форму регистрации с валидацией на Vue.js 

Контекст: Работаю над проектом в сфере IT, команда из 10 человек. Срочность: высокая. Дополнительные требования: стиль — деловой, объём — подробно.

Создай форму регистрации с валидацией на Vue.js Создай форму регистрации с валидацией на Vue.js Создай форму регистрации с валидацией на Vue.js Создай форму регистрации с валидацией на Vue.js",Написание кода,Разработка веб-приложений,102224,7.1,
d6db25bb,2024-01-22T03:53:00,user_019,"Проверь документ на соответствие стандартам компании 

Контекст: Работаю над проектом в сфере IT, команда из 10 человек. Срочность: средняя. Дополнительные требования: стиль — деловой, объём — кратко.

Проверь документ на соответствие стандартам компании Проверь документ на соответствие стандартам компании Проверь документ на соответствие стандартам компании Проверь документ на соответствие стандартам компании Проверь документ на соответствие стандартам компании Проверь документ на соответствие стандартам компании Проверь документ на соответствие стандартам компании Проверь документ на соответствие стандартам компании",Работа с документами,Обработка документов,52106,34.18,1
b351d0ff,2024-01-22T04:36:00,user_037,"Создай FAQ по часто задаваемым вопросам клиентов 

Контекст: Работаю над проектом в сфере IT, команда из 10 человек. Срочность: средняя. Дополнительные требования: стиль — деловой, объём — подробно.

Создай FAQ по часто задаваемым вопросам клиентов Создай FAQ по часто задаваемым вопросам клиентов Создай FAQ по часто задаваемым вопросам клиентов Создай FAQ по часто задаваемым вопросам клиентов Создай FAQ по часто задаваемым вопросам клиентов Создай FAQ по часто задаваемым вопросам клиентов",Работа с клиентами,Поддержка клиентов,113116,32.92,1
bd66e9e5,2024-01-22T06:08:00,user_007,"Проверь документ на соответствие стандартам компании 

Контекст: Работаю над проектом в сфере IT, команда из 10 человек. Срочность: средняя. Дополнительные требования: стиль — деловой, объём — кратко.

Проверь документ на соответствие стандартам компании Проверь документ на соответствие стандартам компании Проверь документ на соответствие стандартам компании",Работа с документами,Обработка документов,142417,24.14,
a1ace9cd,2024-01-22T09:56:00,user_046,"Напиши acceptance criteria для user story 

Контекст: Работаю над проектом в сфере IT, команда из 10 человек. Срочность: средняя. Дополнительные требования: стиль — деловой, объём — подробно.

Напиши acceptance criteria для user story Напиши acceptance criteria для user story Напиши acceptance criteria для user story Напиши acceptance criteria для user story Напиши acceptance criteria для user story Напиши acceptance criteria для user story Напиши acceptance criteria для user story",Работа с документами,Работа с Jira/Confluence,74566,5.68,5
aef1cc81,2024-01-22T17:33:00,user_024,"Создай текст для баннерной рекламы 

Контекст: Работаю над проектом в сфере IT, команда из 10 человек. Срочность: средняя. Дополнительные требования: стиль — деловой, объём — кратко.

Создай текст для баннерной рекламы Создай текст для баннерной рекламы Создай текст для баннерной рекламы Создай текст для баннерной рекламы Создай текст для баннерной рекламы Создай текст для баннерной рекламы",Генерация текста,Создание маркетинговых текстов,108086,8.38,3
b159332e,2024-01-23T12:30:00,user_050,"Составь резюме встречи по итогам обсуждения 

Контекст: Работаю над проектом в сфере IT, команда из 10 человек. Срочность: высокая. Дополнительные требования: стиль — деловой, объём — подробно.

Составь резюме встречи по итогам обсуждения Составь резюме встречи по итогам обсуждения Составь резюме встречи по итогам обсуждения Составь резюме встречи по итогам обсуждения Составь резюме встречи по итогам обсуждения Составь резюме встречи по итогам обсуждения Составь резюме встречи по итогам обсуждения",Генерация текста,Генерация отчётов и резюме,97400,32.61,3
c9865c02,2024-01-23T14:14:00,user_034,"Создай шаблоны ответов на типовые запросы клиентов 

Контекст: Работаю над проектом в сфере IT, команда из 10 человек. Срочность: средняя. Дополнительные требования: стиль — деловой, объём — подробно.

Создай шаблоны ответов на типовые запросы клиентов Создай шаблоны ответов на типовые запросы клиентов Создай шаблоны ответов на типовые запросы клиентов Создай шаблоны ответов на типовые запросы клиентов",Работа с документами,Мониторинг почты,112989,40.12,2
de01c00b,2024-01-24T02:17:00,user_049,"Составь план миграции с монолита на микросервисы 

Контекст: Работаю над проектом в сфере IT, команда из 10 человек. Срочность: средняя. Дополнительные требования: стиль — деловой, объём — кратко.

Составь план миграции с монолита на микросервисы Составь план миграции с монолита на микросервисы Составь план миграции с монолита на микросервисы Составь план миграции с монолита на микросервисы Составь план миграции с монолита на микросервисы",Обучение и онбординг,Стратегические вопросы,148806,37.52,2
b03c7c9a,2024-01-24T15:47:00,user_034,"Предложи стратегию выхода на новый рынок 

Контекст: Работаю над проектом в сфере IT, команда из 10 человек. Срочность: средняя. Дополнительные требования: стиль — деловой, объём — подробно.

Предложи стратегию выхода на новый рынок Предложи стратегию выхода на новый рынок Предложи стратегию выхода на новый рынок Предложи стратегию выхода на новый рынок",Обучение и онбординг,Стратегические вопросы,148325,13.94,2
c83cf44c,2024-01-24T20:07:00,user_001,"Построй график динамики выручки по месяцам 

Контекст: Работаю над проектом в сфере IT, команда из 10 человек. Срочность: средняя. Дополнительные требования: стиль — деловой, объём — кратко.

Построй график динамики выручки по месяцам Построй график динамики выручки по месяцам Построй график динамики выручки по месяцам",Анализ данных,Визуализация данных,66872,33.03,5
be42a5dd,2024-01-25T20:04:00,user_036,"Как организовать code review в команде из 15 человек? 

Контекст: Работаю над проектом в сфере IT, команда из 10 человек. Срочность: средняя. Дополнительные требования: стиль — деловой, объём — кратко.

Как организовать code review в команде из 15 человек? Как организовать code review в команде из 15 человек? Как организовать code review в команде из 15 человек? Как организовать code review в команде из 15 человек? Как организовать code review в команде из 15 человек? Как организовать code review в команде из 15 человек?",Обучение и онбординг,Стратегические вопросы,80175,15.48,5
768b97a4,2024-01-26T10:13:00,user_004,"Напиши программу для пакетного переименования файлов 

Контекст: Работаю над проектом в сфере IT, команда из 10 человек. Срочность: средняя. Дополнительные требования: стиль — деловой, объём — подробно.

Напиши программу для пакетного переименования файлов Напиши программу для пакетного переименования файлов Напиши программу для пакетного переименования файлов Напиши программу для пакетного переименования файлов",Написание кода,Автоматизация рутины,97584,16.64,
356acecd,2024-01-26T12:35:00,user_004,"Составь деловое письмо о расторжении договора 

Контекст: Работаю над проектом в сфере IT, команда из 10 человек. Срочность: средняя. Дополнительные требования: стиль — деловой, объём — кратко.

Составь деловое письмо о расторжении договора Составь деловое письмо о расторжении договора Составь деловое письмо о расторжении договора Составь деловое письмо о расторжении договора Составь деловое письмо о расторжении договора Составь деловое письмо о расторжении договора",Генерация текста,Написание деловых писем,106012,6.04,4
f4216ae2,2024-01-27T04:32:00,user_020,"Создай CRUD-эндпоинты для работы с товарами 

Контекст: Работаю над проектом в сфере IT, команда из 10 человек. Срочность: средняя. Дополнительные требования: стиль — деловой, объём — подробно.

Создай CRUD-эндпоинты для работы с товарами Создай CRUD-эндпоинты для работы с товарами Создай CRUD-эндпоинты для работы с товарами Создай CRUD-эндпоинты для работы с товарами Создай CRUD-эндпоинты для работы с товарами Создай CRUD-эндпоинты для работы с товарами Создай CRUD-эндпоинты для работы с товарами",Написание кода,Разработка веб-приложений,132015,28.57,3
fce8c4c8,2024-01-28T06:48:00,user_020,"Составь отчёт о непрочитанных письмах за день 

Контекст: Работаю над проектом в сфере IT, команда из 10 человек. Срочность: средняя. Дополнительные требования: стиль — деловой, объём — подробно.

Составь отчёт о непрочитанных письмах за день Составь отчёт о непрочитанных письмах за день Составь отчёт о непрочитанных письмах за день Составь отчёт о непрочитанных письмах за день Составь отчёт о непрочитанных письмах за день Составь отчёт о непрочитанных письмах за день",Работа с документами,Мониторинг почты,81063,35.16,3
e73eef58,2024-01-28T12:06:00,user_028,"Найди все письма с вложениями и опиши их содержимое 

Контекст: Работаю над проектом в сфере IT, команда из 10 человек. Срочность: высокая. Дополнительные требования: стиль — деловой, объём — кратко.

Найди все письма с вложениями и опиши их содержимое Найди все письма с вложениями и опиши их содержимое Найди все письма с вложениями и опиши их содержимое Найди все письма с вложениями и опиши их содержимое Найди все письма с вложениями и опиши их содержимое",Работа с документами,Мониторинг почты,70344,26.1,1
6eedec6b,2024-01-28T12:54:00,user_045,"Составь скрипт для звонка недовольному клиенту 

Контекст: Работаю над проектом в сфере IT, команда из 10 человек. Срочность: средняя. Дополнительные требования: стиль — деловой, объём — кратко.

Составь скрипт для звонка недовольному клиенту Составь скрипт для звонка недовольному клиенту Составь скрипт для звонка недовольному клиенту",Работа с клиентами,Поддержка клиентов,52333,26.23,4
d08328bd,2024-01-28T22:11:00,user_041,"Построй scatter plot для анализа зависимости LTV от CAC 

Контекст: Работаю над проектом в сфере IT, команда из 10 человек. Срочность: высокая. Дополнительные требования: стиль — деловой, объём — кратко.

Построй scatter plot для анализа зависимости LTV от CAC Построй scatter plot для анализа зависимости LTV от CAC Построй scatter plot для анализа зависимости LTV от CAC Построй scatter plot для анализа зависимости LTV от CAC Построй scatter plot для анализа зависимости LTV от CAC",Анализ данных,Визуализация данных,138512,32.52,
2b857dc5,2024-01-28T23:30:00,user_050,"Построй диаграмму Санkey для анализа потока клиентов 

Контекст: Работаю над проектом в сфере IT, команда из 10 человек. Срочность: средняя. Дополнительные требования: стиль — деловой, объём — подробно.

Построй диаграмму Санkey для анализа потока клиентов Построй диаграмму Санkey для анализа потока клиентов Построй диаграмму Санkey для анализа потока клиентов Построй диаграмму Санkey для анализа потока клиентов",Анализ данных,Визуализация данных,72094,9.6,4
3c64056d,2024-01-29T01:56:00,user_005,"Создай CI/CD пайплайн для автоматического деплоя 

Контекст: Работаю над проектом в сфере IT, команда из 10 человек. Срочность: средняя. Дополнительные требования: стиль — деловой, объём — кратко.

Создай CI/CD пайплайн для автоматического деплоя Создай CI/CD пайплайн для автоматического деплоя Создай CI/CD пайплайн для автоматического деплоя Создай CI/CD пайплайн для автоматического деплоя",Написание кода,Разработка веб-приложений,76982,41.36,
9ad4ff71,2024-01-29T03:14:00,user_013,"Подготовь презентацию продукта для потенциального партнёра 

Контекст: Работаю над проектом в сфере IT, команда из 10 человек. Срочность: средняя. Дополнительные требования: стиль — деловой, объём — подробно.

Подготовь презентацию продукта для потенциального партнёра Подготовь презентацию продукта для потенциального партнёра Подготовь презентацию продукта для потенциального партнёра",Работа с клиентами,Продажи и переговоры,60486,19.27,
e33113bd,2024-01-29T10:04:00,user_040,"Оптимизируй алгоритм сортировки для больших объёмов данных 

Контекст: Работаю над проектом в сфере IT, команда из 10 человек. Срочность: высокая. Дополнительные требования: стиль — деловой, объём — кратко.

Оптимизируй алгоритм сортировки для больших объёмов данных Оптимизируй алгоритм сортировки для больших объёмов данных Оптимизируй алгоритм сортировки для больших объёмов данных Оптимизируй алгоритм сортировки для больших объёмов данных",Написание кода,Анализ и оптимизация кода,95528,23.95,
2c5abca5,2024-01-29T14:08:00,user_023,"Напиши текст для push-уведомления о новой акции 

Контекст: Работаю над проектом в сфере IT, команда из 10 человек. Срочность: высокая. Дополнительные требования: стиль — деловой, объём — кратко.

Напиши текст для push-уведомления о новой акции Напиши текст для push-уведомления о новой акции Напиши текст для push-уведомления о новой акции Напиши текст для push-уведомления о новой акции Напиши текст для push-уведомления о новой акции Напиши текст для push-уведомления о новой акции Напиши текст для push-уведомления о новой акции Напиши текст для push-уведомления о новой акции",Генерация текста,Создание маркетинговых текстов,66998,2.62,1
8a12deb1,2024-01-29T18:16:00,user_043,"Напиши скрипт холодного звонка для нового продукта 

Контекст: Работаю над проектом в сфере IT, команда из 10 человек. Срочность: средняя. Дополнительные требования: стиль — деловой, объём — кратко.

Напиши скрипт холодного звонка для нового продукта Напиши скрипт холодного звонка для нового продукта Напиши скрипт холодного звонка для нового продукта Напиши скрипт холодного звонка для нового продукта Напиши скрипт холодного звонка для нового продукта Напиши скрипт холодного звонка для нового продукта Напиши скрипт холодного звонка для нового продукта Напиши скрипт холодного звонка для нового продукта",Работа с клиентами,Продажи и переговоры,138564,35.72,2
472dab0b,2024-01-30T09:49:00,user_025,"Объясни принципы работы нашей CI/CD трубы 

Контекст: Работаю над проектом в сфере IT, команда из 10 человек. Срочность: высокая. Дополнительные требования: стиль — деловой, объём — кратко.

Объясни принципы работы нашей CI/CD трубы Объясни принципы работы нашей CI/CD трубы Объясни принципы работы нашей CI/CD трубы",Обучение и онбординг,Обучение сотрудников,126590,3.51,5
2364e24e,2024-01-30T10:12:00,user_033,"Обнови retro-документ по итогам спринта 

Контекст: Работаю над проектом в сфере IT, команда из 10 человек. Срочность: высокая. Дополнительные требования: стиль — деловой, объём — кратко.

Обнови retro-документ по итогам спринта Обнови retro-документ по итогам спринта Обнови retro-документ по итогам спринта Обнови retro-документ по итогам спринта",Работа с документами,Работа с Jira/Confluence,135105,15.81,3
86f0de0d,2024-01-30T12:14:00,user_011,"Сравни две версии документа и опиши различия 

Контекст: Работаю над проектом в сфере IT, команда из 10 человек. Срочность: средняя. Дополнительные требования: стиль — деловой, объём — кратко.

Сравни две версии документа и опиши различия Сравни две версии документа и опиши различия Сравни две версии документа и опиши различия Сравни две версии документа и опиши различия",Работа с документами,Обработка документов,62869,22.85,4
8d6a8cf4,2024-01-30T15:53:00,user_029,"Объясни архитектуру нашего проекта новому разработчику 

Контекст: Работаю над проектом в сфере IT, команда из 10 человек. Срочность: средняя. Дополнительные требования: стиль — деловой, объём — кратко.

Объясни архитектуру нашего проекта новому разработчику Объясни архитектуру нашего проекта новому разработчику Объясни архитектуру нашего проекта новому разработчику Объясни архитектуру нашего проекта новому разработчику Объясни архитектуру нашего проекта новому разработчику",Обучение и онбординг,Обучение сотрудников,78640,24.39,2
fcfed9cd,2024-01-31T15:12:00,user_044,"Создай FAQ по часто задаваемым вопросам клиентов 

Контекст: Работаю над проектом в сфере IT, команда из 10 человек. Срочность: высокая. Дополнительные требования: стиль — деловой, объём — кратко.

Создай FAQ по часто задаваемым вопросам клиентов Создай FAQ по часто задаваемым вопросам клиентов Создай FAQ по часто задаваемым вопросам клиентов Создай FAQ по часто задаваемым вопросам клиентов",Работа с клиентами,Поддержка клиентов,143160,24.01,
452bb38e,2024-02-02T01:59:00,user_048,"Составь черновик ответа на письмо от инвестора 

Контекст: Работаю над проектом в сфере IT, команда из 10 человек. Срочность: средняя. Дополнительные требования: стиль — деловой, объём — подробно.

Составь черновик ответа на письмо от инвестора Составь черновик ответа на письмо от инвестора Составь черновик ответа на письмо от инвестора Составь черновик ответа на письмо от инвестора Составь черновик ответа на письмо от инвестора Составь черновик ответа на письмо от инвестора Составь черновик ответа на письмо от инвестора Составь черновик ответа на письмо от инвестора",Работа с документами,Мониторинг почты,120605,5.4,2
464f3a0d,2024-02-02T17:13:00,user_028,"Проведи A/B-тестирование и оцени статистическую значимость 

Контекст: Работаю над проектом в сфере IT, команда из 10 человек. Срочность: средняя. Дополнительные требования: стиль — деловой, объём — кратко.

Проведи A/B-тестирование и оцени статистическую значимость Проведи A/B-тестирование и оцени статистическую значимость Проведи A/B-тестирование и оцени статистическую значимость Проведи A/B-тестирование и оцени статистическую значимость Проведи A/B-тестирование и оцени статистическую значимость Проведи A/B-тестирование и оцени статистическую значимость Проведи A/B-тестирование и оцени статистическую значимость Проведи A/B-тестирование и оцени статистическую значимость",Анализ данных,Сбор аналитики,76969,18.51,3
70158092,2024-02-02T20:05:00,user_014,"Построй прогноз загрузки серверов на месяц 

Контекст: Работаю над проектом в сфере IT, команда из 10 человек. Срочность: средняя. Дополнительные требования: стиль — деловой, объём — кратко.

Построй прогноз загрузки серверов на месяц Построй прогноз загрузки серверов на месяц Построй прогноз загрузки серверов на месяц Построй прогноз загрузки серверов на месяц Построй прогноз загрузки серверов на месяц Построй прогноз загрузки серверов на месяц Построй прогноз загрузки серверов на месяц Построй прогноз загрузки серверов на месяц",Анализ данных,Прогнозирование,104763,31.22,5
5833daac,2024-02-03T01:39:00,user_007,"Напиши утилиту для мониторинга серверов и отправки алертов 

Контекст: Работаю над проектом в сфере IT, команда из 10 человек. Срочность: средняя. Дополнительные требования: стиль — деловой, объём — подробно.

Напиши утилиту для мониторинга серверов и отправки алертов Напиши утилиту для мониторинга серверов и отправки алертов Напиши утилиту для мониторинга серверов и отправки алертов Напиши утилиту для мониторинга серверов и отправки алертов Напиши утилиту для мониторинга серверов и отправки алертов Напиши утилиту для мониторинга серверов и отправки алертов",Написание кода,Автоматизация рутины,117512,13.22,2
ab5c3672,2024-02-03T04:00:00,user_033,"Что такое ACID-транзакции в базах данных? 

Контекст: Работаю над проектом в сфере IT, команда из 10 человек. Срочность: средняя. Дополнительные требования: стиль — деловой, объём — кратко.

Что такое ACID-транзакции в базах данных? Что такое ACID-транзакции в базах данных? Что такое ACID-транзакции в базах данных? Что такое ACID-транзакции в базах данных? Что такое ACID-транзакции в базах данных? Что такое ACID-транзакции в базах данных? Что такое ACID-транзакции в базах данных? Что такое ACID-транзакции в базах данных?",Обучение и онбординг,Технические вопросы,104090,24.5,5
a4c97b8c,2024-02-03T07:02:00,user_013,"Построй диаграмму Санkey для анализа потока клиентов 

Контекст: Работаю над проектом в сфере IT, команда из 10 человек. Срочность: высокая. Дополнительные требования: стиль — деловой, объём — кратко.

Построй диаграмму Санkey для анализа потока клиентов Построй диаграмму Санkey для анализа потока клиентов Построй диаграмму Санkey для анализа потока клиентов Построй диаграмму Санkey для анализа потока клиентов",Анализ данных,Визуализация данных,118635,4.59,4
6becf732,2024-02-03T19:40:00,user_042,"Составь описание продукта для маркетплейса 

Контекст: Работаю над проектом в сфере IT, команда из 10 человек. Срочность: средняя. Дополнительные требования: стиль — деловой, объём — подробно.

Составь описание продукта для маркетплейса Составь описание продукта для маркетплейса Составь описание продукта для маркетплейса Составь описание продукта для маркетплейса Составь описание продукта для маркетплейса Составь описание продукта для маркетплейса Составь описание продукта для маркетплейса",Генерация текста,Создание маркетинговых текстов,104069,28.65,4
57c372b1,2024-02-04T08:24:00,user_015,"Напиши инструкцию для клиента по настройке интеграции 

Контекст: Работаю над проектом в сфере IT, команда из 10 человек. Срочность: средняя. Дополнительные требования: стиль — деловой, объём — кратко.

Напиши инструкцию для клиента по настройке интеграции Напиши инструкцию для клиента по настройке интеграции Напиши инструкцию для клиента по настройке интеграции Напиши инструкцию для клиента по настройке интеграции",Работа с клиентами,Поддержка клиентов,113476,36.4,5
6bcb5e53,2024-02-04T15:49:00,user_003,"Найди и исправь memory leak в этом приложении 

Контекст: Работаю над проектом в сфере IT, команда из 10 человек. Срочность: средняя. Дополнительные требования: стиль — деловой, объём — кратко.

Найди и исправь memory leak в этом приложении Найди и исправь memory leak в этом приложении Найди и исправь memory leak в этом приложении Найди и исправь memory leak в этом приложении",Написание кода,Анализ и оптимизация кода,76793,12.54,3
e9fe6e97,2024-02-05T01:24:00,user_023,"Составь черновик ответа на письмо от инвестора 

Контекст: Работаю над проектом в сфере IT, команда из 10 человек. Срочность: средняя. Дополнительные требования: стиль — деловой, объём — подробно.

Составь черновик ответа на письмо от инвестора Составь черновик ответа на письмо от инвестора Составь черновик ответа на письмо от инвестора Составь черновик ответа на письмо от инвестора Составь черновик ответа на письмо от инвестора Составь черновик ответа на письмо от инвестора",Работа с документами,Мониторинг почты,135646,8.11,5
1dc5700e,2024-02-05T22:14:00,user_024,"Напиши скрипт холодного звонка для нового продукта 

Контекст: Работаю над проектом в сфере IT, команда из 10 человек. Срочность: высокая. Дополнительные требования: стиль — деловой, объём — подробно.

Напиши скрипт холодного звонка для нового продукта Напиши скрипт холодного звонка для нового продукта Напиши скрипт холодного звонка для нового продукта",Работа с клиентами,Продажи и переговоры,93657,13.95,3
b34fda79,2024-02-06T08:09:00,user_044,"Напиши утилиту для мониторинга серверов и отправки алертов 

Контекст: Работаю над проектом в сфере IT, команда из 10 человек. Срочность: высокая. Дополнительные требования: стиль — деловой, объём — подробно.

Напиши утилиту для мониторинга серверов и отправки алертов Напиши утилиту для мониторинга серверов и отправки алертов Напиши утилиту для мониторинга серверов и отправки алертов Напиши утилиту для мониторинга серверов и отправки алертов Напиши утилиту для мониторинга серверов и отправки алертов Напиши утилиту для мониторинга серверов и отправки алертов Напиши утилиту для мониторинга серверов и отправки алертов Напиши утилиту для мониторинга серверов и отправки алертов",Написание кода,Автоматизация рутины,130689,4.36,1
2cf821b6,2024-02-07T19:33:00,user_003,"Напиши программу для пакетного переименования файлов 

Контекст: Работаю над проектом в сфере IT, команда из 10 человек. Срочность: средняя. Дополнительные требования: стиль — деловой, объём — подробно.

Напиши программу для пакетного переименования файлов Напиши программу для пакетного переименования файлов Напиши программу для пакетного переименования файлов",Написание кода,Автоматизация рутины,106460,12.69,5
0871f5eb,2024-02-08T08:21:00,user_016,"Построй график динамики выручки по месяцам 

Контекст: Работаю над проектом в сфере IT, команда из 10 человек. Срочность: средняя. Дополнительные требования: стиль — деловой, объём — кратко.

Построй график динамики выручки по месяцам Построй график динамики выручки по месяцам Построй график динамики выручки по месяцам Построй график динамики выручки по месяцам Построй график динамики выручки по месяцам Построй график динамики выручки по месяцам",Анализ данных,Визуализация данных,109502,8.58,3
07f571ef,2024-02-08T16:39:00,user_005,"Подготовь презентацию продукта для потенциального партнёра 

Контекст: Работаю над проектом в сфере IT, команда из 10 человек. Срочность: средняя. Дополнительные требования: стиль — деловой, объём — подробно.

Подготовь презентацию продукта для потенциального партнёра Подготовь презентацию продукта для потенциального партнёра Подготовь презентацию продукта для потенциального партнёра Подготовь презентацию продукта для потенциального партнёра Подготовь презентацию продукта для потенциального партнёра",Работа с клиентами,Продажи и переговоры,92551,31.43,5
95763570,2024-02-09T17:35:00,user_042,"Создай рекламный слоган для нового сервиса 

Контекст: Работаю над проектом в сфере IT, команда из 10 человек. Срочность: высокая. Дополнительные требования: стиль — деловой, объём — кратко.

Создай рекламный слоган для нового сервиса Создай рекламный слоган для нового сервиса Создай рекламный слоган для нового сервиса Создай рекламный слоган для нового сервиса Создай рекламный слоган для нового сервиса Создай рекламный слоган для нового сервиса Создай рекламный слоган для нового сервиса",Генерация текста,Создание маркетинговых текстов,146252,36.09,1
2c61f6e7,2024-02-09T18:57:00,user_033,"Рефакторинг: разбей этот файл на модули 

Контекст: Работаю над проектом в сфере IT, команда из 10 человек. Срочность: высокая. Дополнительные требования: стиль — деловой, объём — кратко.

Рефакторинг: разбей этот файл на модули Рефакторинг: разбей этот файл на модули Рефакторинг: разбей этот файл на модули Рефакторинг: разбей этот файл на модули",Написание кода,Анализ и оптимизация кода,88296,13.06,1
6a47af61,2024-02-10T12:14:00,user_040,"Объясни архитектуру нашего проекта новому разработчику 

Контекст: Работаю над проектом в сфере IT, команда из 10 человек. Срочность: средняя. Дополнительные требования: стиль — деловой, объём — кратко.

Объясни архитектуру нашего проекта новому разработчику Объясни архитектуру нашего проекта новому разработчику Объясни архитектуру нашего проекта новому разработчику Объясни архитектуру нашего проекта новому разработчику Объясни архитектуру нашего проекта новому разработчику",Обучение и онбординг,Обучение сотрудников,54264,11.85,1
441e2b19,2024-02-10T19:51:00,user_032,"Создай дашборд с ключевыми метриками бизнеса 

Контекст: Работаю над проектом в сфере IT, команда из 10 человек. Срочность: средняя. Дополнительные требования: стиль — деловой, объём — подробно.

Создай дашборд с ключевыми метриками бизнеса Создай дашборд с ключевыми метриками бизнеса Создай дашборд с ключевыми метриками бизнеса Создай дашборд с ключевыми метриками бизнеса Создай дашборд с ключевыми метриками бизнеса",Анализ данных,Визуализация данных,122524,16.26,4
764fdfeb,2024-02-11T07:14:00,user_039,"Напиши Docker Compose конфигурацию для микросервисов 

Контекст: Работаю над проектом в сфере IT, команда из 10 человек. Срочность: средняя. Дополнительные требования: стиль — деловой, объём — кратко.

Напиши Docker Compose конфигурацию для микросервисов Напиши Docker Compose конфигурацию для микросервисов Напиши Docker Compose конфигурацию для микросервисов Напиши Docker Compose конфигурацию для микросервисов Напиши Docker Compose конфигурацию для микросервисов Напиши Docker Compose конфигурацию для микросервисов",Написание кода,Разработка веб-приложений,63208,7.12,5
b5a155ae,2024-02-11T08:47:00,user_014,"Создай презентацию на основе отчёта аналитиков 

Контекст: Работаю над проектом в сфере IT, команда из 10 человек. Срочность: средняя. Дополнительные требования: стиль — деловой, объём — подробно.

Создай презентацию на основе отчёта аналитиков Создай презентацию на основе отчёта аналитиков Создай презентацию на основе отчёта аналитиков",Работа с документами,Обработка документов,62484,14.52,4
b819b82f,2024-02-11T17:24:00,user_003,"Как организовать code review в команде из 15 человек? 

Контекст: Работаю над проектом в сфере IT, команда из 10 человек. Срочность: средняя. Дополнительные требования: стиль — деловой, объём — кратко.

Как организовать code review в команде из 15 человек? Как организовать code review в команде из 15 человек? Как организовать code review в команде из 15 человек?",Обучение и онбординг,Стратегические вопросы,141721,34.75,1
df8a37aa,2024-02-11T19:57:00,user_047,"Создай презентацию на основе отчёта аналитиков 

Контекст: Работаю над проектом в сфере IT, команда из 10 человек. Срочность: высокая. Дополнительные требования: стиль — деловой, объём — подробно.

Создай презентацию на основе отчёта аналитиков Создай презентацию на основе отчёта аналитиков Создай презентацию на основе отчёта аналитиков Создай презентацию на основе отчёта аналитиков Создай презентацию на основе отчёта аналитиков",Работа с документами,Обработка документов,134495,2.64,2
633d8519,2024-02-11T20:12:00,user_016,"Напиши деловое письмо партнёру о переносе сроков проекта 

Контекст: Работаю над проектом в сфере IT, команда из 10 человек. Срочность: средняя. Дополнительные требования: стиль — деловой, объём — подробно.

Напиши деловое письмо партнёру о переносе сроков проекта Напиши деловое письмо партнёру о переносе сроков проекта Напиши деловое письмо партнёру о переносе сроков проекта Напиши деловое письмо партнёру о переносе сроков проекта Напиши деловое письмо партнёру о переносе сроков проекта Напиши деловое письмо партнёру о переносе сроков проекта",Генерация текста,Написание деловых писем,65823,4.06,1
16eb3002,2024-02-12T09:40:00,user_040,"Напиши инструкцию для клиента по настройке интеграции 

Контекст: Работаю над проектом в сфере IT, команда из 10 человек. Срочность: средняя. Дополнительные требования: стиль — деловой, объём — подробно.

Напиши инструкцию для клиента по настройке интеграции Напиши инструкцию для клиента по настройке интеграции Напиши инструкцию для клиента по настройке интеграции Напиши инструкцию для клиента по настройке интеграции Напиши инструкцию для клиента по настройке интеграции Напиши инструкцию для клиента по настройке интеграции Напиши инструкцию для клиента по настройке интеграции",Работа с клиентами,Поддержка клиентов,127344,43.45,5
b13ed2c1,2024-02-12T10:13:00,user_006,"Как организовать code review в команде из 15 человек? 

Контекст: Работаю над проектом в сфере IT, команда из 10 человек. Срочность: высокая. Дополнительные требования: стиль — деловой, объём — кратко.

Как организовать code review в команде из 15 человек? Как организовать code review в команде из 15 человек? Как организовать code review в команде из 15 человек? Как организовать code review в команде из 15 человек? Как организовать code review в команде из 15 человек? Как организовать code review в команде из 15 человек?",Обучение и онбординг,Стратегические вопросы,86394,23.99,5
7e673ce2,2024-02-12T20:29:00,user_001,"Построй scatter plot для анализа зависимости LTV от CAC 

Контекст: Работаю над проектом в сфере IT, команда из 10 человек. Срочность: средняя. Дополнительные требования: стиль — деловой, объём — кратко.

Построй scatter plot для анализа зависимости LTV от CAC Построй scatter plot для анализа зависимости LTV от CAC Построй scatter plot для анализа зависимости LTV от CAC Построй scatter plot для анализа зависимости LTV от CAC Построй scatter plot для анализа зависимости LTV от CAC",Анализ данных,Визуализация данных,64740,34.07,
189fda96,2024-02-12T21:23:00,user_007,"Объясни архитектуру нашего проекта новому разработчику 

Контекст: Работаю над проектом в сфере IT, команда из 10 человек. Срочность: высокая. Дополнительные требования: стиль — деловой, объём — кратко.

Объясни архитектуру нашего проекта новому разработчику Объясни архитектуру нашего проекта новому разработчику Объясни архитектуру нашего проекта новому разработчику Объясни архитектуру нашего проекта новому разработчику Объясни архитектуру нашего проекта новому разработчику Объясни архитектуру нашего проекта новому разработчику",Обучение и онбординг,Обучение сотрудников,69694,24.77,5
80a32283,2024-02-12T22:37:00,user_003,"Составь техническое задание на разработку мобильного приложения 

Контекст: Работаю над проектом в сфере IT, команда из 10 человек. Срочность: средняя. Дополнительные требования: стиль — деловой, объём — кратко.

Составь техническое задание на разработку мобильного приложения Составь техническое задание на разработку мобильного приложения Составь техническое задание на разработку мобильного приложения Составь техническое задание на разработку мобильного приложения Составь техническое задание на разработку мобильного приложения Составь техническое задание на разработку мобильного приложения Составь техническое задание на разработку мобильного приложения Составь техническое задание на разработку мобильного приложения",Обучение и онбординг,Стратегические вопросы,138855,16.97,1
a8cc0faa,2024-02-13T04:03:00,user_050,"Составь описание продукта для маркетплейса 

Контекст: Работаю над проектом в сфере IT, команда из 10 человек. Срочность: средняя. Дополнительные требования: стиль — деловой, объём — кратко.

Составь описание продукта для маркетплейса Составь описание продукта для маркетплейса Составь описание продукта для маркетплейса Составь описание продукта для маркетплейса Составь описание продукта для маркетплейса Составь описание продукта для маркетплейса Составь описание продукта для маркетплейса",Генерация текста,Создание маркетинговых текстов,122276,38.8,1
cbe95542,2024-02-13T07:04:00,user_032,"Создай задачу в Jira для исправления бага в платёжной системе 

Контекст: Работаю над проектом в сфере IT, команда из 10 человек. Срочность: высокая. Дополнительные требования: стиль — деловой, объём — подробно.

Создай задачу в Jira для исправления бага в платёжной системе Создай задачу в Jira для исправления бага в платёжной системе Создай задачу в Jira для исправления бага в платёжной системе Создай задачу в Jira для исправления бага в платёжной системе Создай задачу в Jira для исправления бага в платёжной системе Создай задачу в Jira для исправления бага в платёжной системе Создай задачу в Jira для исправления бага в платёжной системе Создай задачу в Jira для исправления бага в платёжной системе",Работа с документами,Работа с Jira/Confluence,139850,13.58,1
36a8b65b,2024-02-13T18:24:00,user_017,"Создай компонент React для отображения графиков 

Контекст: Работаю над проектом в сфере IT, команда из 10 человек. Срочность: средняя. Дополнительные требования: стиль — деловой, объём — подробно.

Создай компонент React для отображения графиков Создай компонент React для отображения графиков Создай компонент React для отображения графиков Создай компонент React для отображения графиков Создай компонент React для отображения графиков",Написание кода,Разработка веб-приложений,65135,10.22,4
0a090132,2024-02-14T03:19:00,user_008,"Создай скрипт для автоматической генерации документов по шаблону 

Контекст: Работаю над проектом в сфере IT, команда из 10 человек. Срочность: средняя. Дополнительные требования: стиль — деловой, объём — кратко.

Создай скрипт для автоматической генерации документов по шаблону Создай скрипт для автоматической генерации документов по шаблону Создай скрипт для автоматической генерации документов по шаблону Создай скрипт для автоматической генерации документов по шаблону Создай скрипт для автоматической генерации документов по шаблону Создай скрипт для автоматической генерации документов по шаблону Создай скрипт для автоматической генерации документов по шаблону Создай скрипт для автоматической генерации документов по шаблону",Написание кода,Автоматизация рутины,124824,44.98,2
b42cdac9,2024-02-14T15:35:00,user_016,"Напиши описание для bug report в Jira 

Контекст: Работаю над проектом в сфере IT, команда из 10 человек. Срочность: средняя. Дополнительные требования: стиль — деловой, объём — подробно.

Напиши описание для bug report в Jira Напиши описание для bug report в Jira Напиши описание для bug report в Jira Напиши описание для bug report в Jira",Работа с документами,Работа с Jira/Confluence,105983,33.57,5
b452a223,2024-02-14T21:48:00,user_006,"Напиши инструкцию для клиента по настройке интеграции 

Контекст: Работаю над проектом в сфере IT, команда из 10 человек. Срочность: средняя. Дополнительные требования: стиль — деловой, объём — подробно.

Напиши инструкцию для клиента по настройке интеграции Напиши инструкцию для клиента по настройке интеграции Напиши инструкцию для клиента по настройке интеграции Напиши инструкцию для клиента по настройке интеграции Напиши инструкцию для клиента по настройке интеграции Напиши инструкцию для клиента по настройке интеграции",Работа с клиентами,Поддержка клиентов,140512,27.16,3
3ceb9edd,2024-02-15T07:16:00,user_014,"Напиши Docker Compose конфигурацию для микросервисов 

Контекст: Работаю над проектом в сфере IT, команда из 10 человек. Срочность: средняя. Дополнительные требования: стиль — деловой, объём — кратко.

Напиши Docker Compose конфигурацию для микросервисов Напиши Docker Compose конфигурацию для микросервисов Напиши Docker Compose конфигурацию для микросервисов Напиши Docker Compose конфигурацию для микросервисов",Написание кода,Разработка веб-приложений,143464,44.37,4
269ecdbb,2024-02-15T07:28:00,user_021,"Проведи когортный анализ пользователей нашего сервиса 

Контекст: Работаю над проектом в сфере IT, команда из 10 человек. Срочность: средняя. Дополнительные требования: стиль — деловой, объём — кратко.

Проведи когортный анализ пользователей нашего сервиса Проведи когортный анализ пользователей нашего сервиса Проведи когортный анализ пользователей нашего сервиса",Анализ данных,Сбор аналитики,112597,7.34,3
6dfd9d93,2024-02-15T19:32:00,user_018,"Напиши follow-up письмо после деловой встречи 

Контекст: Работаю над проектом в сфере IT, команда из 10 человек. Срочность: высокая. Дополнительные требования: стиль — деловой, объём — кратко.

Напиши follow-up письмо после деловой встречи Напиши follow-up письмо после деловой встречи Напиши follow-up письмо после деловой встречи",Работа с клиентами,Продажи и переговоры,92619,38.73,
a32568cb,2024-02-16T02:56:00,user_029,"Создай epic для нового функционала в Jira 

Контекст: Работаю над проектом в сфере IT, команда из 10 человек. Срочность: средняя. Дополнительные требования: стиль — деловой, объём — кратко.

Создай epic для нового функционала в Jira Создай epic для нового функционала в Jira Создай epic для нового функционала в Jira Создай epic для нового функционала в Jira Создай epic для нового функционала в Jira Создай epic для нового функционала в Jira",Работа с документами,Работа с Jira/Confluence,130438,25.03,5
2ce3d2d9,2024-02-16T19:16:00,user_033,"Напиши описание для bug report в Jira 

Контекст: Работаю над проектом в сфере IT, команда из 10 человек. Срочность: высокая. Дополнительные требования: стиль — деловой, объём — подробно.

Напиши описание для bug report в Jira Напиши описание для bug report в Jira Напиши описание для bug report в Jira",Работа с документами,Работа с Jira/Confluence,114522,4.77,
e26a3858,2024-02-17T05:00:00,user_045,"Построй диаграмму Санkey для анализа потока клиентов 

Контекст: Работаю над проектом в сфере IT, команда из 10 человек. Срочность: высокая. Дополнительные требования: стиль — деловой, объём — подробно.

Построй диаграмму Санkey для анализа потока клиентов Построй диаграмму Санkey для анализа потока клиентов Построй диаграмму Санkey для анализа потока клиентов Построй диаграмму Санkey для анализа потока клиентов Построй диаграмму Санkey для анализа потока клиентов Построй диаграмму Санkey для анализа потока клиентов Построй диаграмму Санkey для анализа потока клиентов",Анализ данных,Визуализация данных,83015,38.32,2
29c458bd,2024-02-17T14:15:00,user_014,"Сравни две версии документа и опиши различия 

Контекст: Работаю над проектом в сфере IT, команда из 10 человек. Срочность: средняя. Дополнительные требования: стиль — деловой, объём — подробно.

Сравни две версии документа и опиши различия Сравни две версии документа и опиши различия Сравни две версии документа и опиши различия",Работа с документами,Обработка документов,52205,25.4,1
fbe4fb74,2024-02-17T19:03:00,user_019,"Создай шаблон документации для нового микросервиса 

Контекст: Работаю над проектом в сфере IT, команда из 10 человек. Срочность: высокая. Дополнительные требования: стиль — деловой, объём — кратко.

Создай шаблон документации для нового микросервиса Создай шаблон документации для нового микросервиса Создай шаблон документации для нового микросервиса Создай шаблон документации для нового микросервиса Создай шаблон документации для нового микросервиса",Работа с документами,Работа с Jira/Confluence,78862,28.33,4
4957c1e5,2024-02-17T22:01:00,user_036,"Создай FAQ по часто задаваемым вопросам клиентов 

Контекст: Работаю над проектом в сфере IT, команда из 10 человек. Срочность: средняя. Дополнительные требования: стиль — деловой, объём — подробно.

Создай FAQ по часто задаваемым вопросам клиентов Создай FAQ по часто задаваемым вопросам клиентов Создай FAQ по часто задаваемым вопросам клиентов Создай FAQ по часто задаваемым вопросам клиентов Создай FAQ по часто задаваемым вопросам клиентов Создай FAQ по часто задаваемым вопросам клиентов Создай FAQ по часто задаваемым вопросам клиентов Создай FAQ по часто задаваемым вопросам клиентов",Работа с клиентами,Поддержка клиентов,67108,44.07,4
6fb66249,2024-02-18T03:21:00,user_016,"Оптимизируй алгоритм сортировки для больших объёмов данных 

Контекст: Работаю над проектом в сфере IT, команда из 10 человек. Срочность: высокая. Дополнительные требования: стиль — деловой, объём — подробно.

Оптимизируй алгоритм сортировки для больших объёмов данных Оптимизируй алгоритм сортировки для больших объёмов данных Оптимизируй алгоритм сортировки для больших объёмов данных Оптимизируй алгоритм сортировки для больших объёмов данных Оптимизируй алгоритм сортировки для больших объёмов данных Оптимизируй алгоритм сортировки для больших объёмов данных Оптимизируй алгоритм сортировки для больших объёмов данных",Написание кода,Анализ и оптимизация кода,63219,13.96,1
7e413d53,2024-02-18T11:44:00,user_004,"Составь сопроводительное письмо к коммерческому предложению 

Контекст: Работаю над проектом в сфере IT, команда из 10 человек. Срочность: высокая. Дополнительные требования: стиль — деловой, объём — подробно.

Составь сопроводительное письмо к коммерческому предложению Составь сопроводительное письмо к коммерческому предложению Составь сопроводительное письмо к коммерческому предложению Составь сопроводительное письмо к коммерческому предложению Составь сопроводительное письмо к коммерческому предложению",Генерация текста,Написание деловых писем,106231,23.17,1
d20af968,2024-02-20T08:46:00,user_039,"Составь ответ на жалобу клиента о задержке доставки 

Контекст: Работаю над проектом в сфере IT, команда из 10 человек. Срочность: высокая. Дополнительные требования: стиль — деловой, объём — кратко.

Составь ответ на жалобу клиента о задержке доставки Составь ответ на жалобу клиента о задержке доставки Составь ответ на жалобу клиента о задержке доставки Составь ответ на жалобу клиента о задержке доставки Составь ответ на жалобу клиента о задержке доставки Составь ответ на жалобу клиента о задержке доставки",Работа с клиентами,Поддержка клиентов,79468,40.77,5
65760b5d,2024-02-20T13:05:00,user_035,"Напиши скрипт на Python для автоматической обработки CSV-файлов 

Контекст: Работаю над проектом в сфере IT, команда из 10 человек. Срочность: высокая. Дополнительные требования: стиль — деловой, объём — подробно.

Напиши скрипт на Python для автоматической обработки CSV-файлов Напиши скрипт на Python для автоматической обработки CSV-файлов Напиши скрипт на Python для автоматической обработки CSV-файлов Напиши скрипт на Python для автоматической обработки CSV-файлов Напиши скрипт на Python для автоматической обработки CSV-файлов Напиши скрипт на Python для автоматической обработки CSV-файлов Напиши скрипт на Python для автоматической обработки CSV-файлов Напиши скрипт на Python для автоматической обработки CSV-файлов",Написание кода,Автоматизация рутины,142578,22.69,4
8e813b77,2024-02-20T23:23:00,user_039,"Составь резюме научной статьи для руководства 

Контекст: Работаю над проектом в сфере IT, команда из 10 человек. Срочность: средняя. Дополнительные требования: стиль — деловой, объём — кратко.

Составь резюме научной статьи для руководства Составь резюме научной статьи для руководства Составь резюме научной статьи для руководства Составь резюме научной статьи для руководства",Генерация текста,Генерация отчётов и резюме,141334,27.69,3
14c602cb,2024-02-21T20:45:00,user_003,"Найди все письма с вложениями и опиши их содержимое 

Контекст: Работаю над проектом в сфере IT, команда из 10 человек. Срочность: средняя. Дополнительные требования: стиль — деловой, объём — кратко.

Найди все письма с вложениями и опиши их содержимое Найди все письма с вложениями и опиши их содержимое Найди все письма с вложениями и опиши их содержимое Найди все письма с вложениями и опиши их содержимое Найди все письма с вложениями и опиши их содержимое Найди все письма с вложениями и опиши их содержимое Найди все письма с вложениями и опиши их содержимое Найди все письма с вложениями и опиши их содержимое",Работа с документами,Мониторинг почты,75838,33.95,3
f0afb87e,2024-02-21T21:42:00,user_006,"Создай epic для нового функционала в Jira 

Контекст: Работаю над проектом в сфере IT, команда из 10 человек. Срочность: средняя. Дополнительные требования: стиль — деловой, объём — подробно.

Создай epic для нового функционала в Jira Создай epic для нового функционала в Jira Создай epic для нового функционала в Jira Создай epic для нового функционала в Jira Создай epic для нового функционала в Jira Создай epic для нового функционала в Jira Создай epic для нового функционала в Jira Создай epic для нового функционала в Jira",Работа с документами,Работа с Jira/Confluence,97318,31.87,5
b65ea2fa,2024-02-22T09:52:00,user_029,"Составь отчёт об анализе рынка для инвесторов 

Контекст: Работаю над проектом в сфере IT, команда из 10 человек. Срочность: средняя. Дополнительные требования: стиль — деловой, объём — кратко.

Составь отчёт об анализе рынка для инвесторов Составь отчёт об анализе рынка для инвесторов Составь отчёт об анализе рынка для инвесторов Составь отчёт об анализе рынка для инвесторов",Генерация текста,Генерация отчётов и резюме,100732,13.11,1
128e1c10,2024-02-22T19:18:00,user_002,"Найди все письма с вложениями и опиши их содержимое 

Контекст: Работаю над проектом в сфере IT, команда из 10 человек. Срочность: высокая. Дополнительные требования: стиль — деловой, объём — подробно.

Найди все письма с вложениями и опиши их содержимое Найди все письма с вложениями и опиши их содержимое Найди все письма с вложениями и опиши их содержимое Найди все письма с вложениями и опиши их содержимое Найди все письма с вложениями и опиши их содержимое",Работа с документами,Мониторинг почты,94285,16.23,5
17fe9e60,2024-02-23T03:51:00,user_009,"Напиши продающий текст для лендинга нашего продукта 

Контекст: Работаю над проектом в сфере IT, команда из 10 человек. Срочность: средняя. Дополнительные требования: стиль — деловой, объём — кратко.

Напиши продающий текст для лендинга нашего продукта Напиши продающий текст для лендинга нашего продукта Напиши продающий текст для лендинга нашего продукта Напиши продающий текст для лендинга нашего продукта Напиши продающий текст для лендинга нашего продукта Напиши продающий текст для лендинга нашего продукта Напиши продающий текст для лендинга нашего продукта Напиши продающий текст для лендинга нашего продукта",Генерация текста,Создание маркетинговых текстов,133764,33.36,5
adf4ba8f,2024-02-23T20:30:00,user_029,"Создай скрипт для автоматического парсинга новостных сайтов 

Контекст: Работаю над проектом в сфере IT, команда из 10 человек. Срочность: средняя. Дополнительные требования: стиль — деловой, объём — кратко.

Создай скрипт для автоматического парсинга новостных сайтов Создай скрипт для автоматического парсинга новостных сайтов Создай скрипт для автоматического парсинга новостных сайтов Создай скрипт для автоматического парсинга новостных сайтов Создай скрипт для автоматического парсинга новостных сайтов",Написание кода,Автоматизация рутины,71792,6.47,5
7ab6e463,2024-02-24T05:34:00,user_037,"Напиши follow-up письмо после деловой встречи 

Контекст: Работаю над проектом в сфере IT, команда из 10 человек. Срочность: средняя. Дополнительные требования: стиль — деловой, объём — подробно.

Напиши follow-up письмо после деловой встречи Напиши follow-up письмо после деловой встречи Напиши follow-up письмо после деловой встречи",Работа с клиентами,Продажи и переговоры,75523,30.02,5
136ba3ed,2024-02-24T06:00:00,user_033,"Составь сопроводительное письмо к коммерческому предложению 

Контекст: Работаю над проектом в сфере IT, команда из 10 человек. Срочность: средняя. Дополнительные требования: стиль — деловой, объём — кратко.

Составь сопроводительное письмо к коммерческому предложению Составь сопроводительное письмо к коммерческому предложению Составь сопроводительное письмо к коммерческому предложению Составь сопроводительное письмо к коммерческому предложению Составь сопроводительное письмо к коммерческому предложению",Генерация текста,Написание деловых писем,111404,27.43,1
37a2a112,2024-02-25T09:22:00,user_007,"Напиши краткий отчёт о проделанной работе за неделю 

Контекст: Работаю над проектом в сфере IT, команда из 10 человек. Срочность: средняя. Дополнительные требования: стиль — деловой, объём — подробно.

Напиши краткий отчёт о проделанной работе за неделю Напиши краткий отчёт о проделанной работе за неделю Напиши краткий отчёт о проделанной работе за неделю Напиши краткий отчёт о проделанной работе за неделю Напиши краткий отчёт о проделанной работе за неделю Напиши краткий отчёт о проделанной работе за неделю",Генерация текста,Генерация отчётов и резюме,65037,34.09,5
8d00e0e9,2024-02-25T23:26:00,user_049,"Рефакторинг: разбей этот файл на модули 

Контекст: Работаю над проектом в сфере IT, команда из 10 человек. Срочность: средняя. Дополнительные требования: стиль — деловой, объём — подробно.

Рефакторинг: разбей этот файл на модули Рефакторинг: разбей этот файл на модули Рефакторинг: разбей этот файл на модули Рефакторинг: разбей этот файл на модули Рефакторинг: разбей этот файл на модули Рефакторинг: разбей этот файл на модули",Написание кода,Анализ и оптимизация кода,104435,24.55,1
727ab5c5,2024-02-26T07:04:00,user_016,"Напиши итоговый отчёт по результатам проекта 

Контекст: Работаю над проектом в сфере IT, команда из 10 человек. Срочность: средняя. Дополнительные требования: стиль — деловой, объём — подробно.

Напиши итоговый отчёт по результатам проекта Напиши итоговый отчёт по результатам проекта Напиши итоговый отчёт по результатам проекта Напиши итоговый отчёт по результатам проекта Напиши итоговый отчёт по результатам проекта",Генерация текста,Генерация отчётов и резюме,112079,39.27,5
b552f7db,2024-02-26T16:28:00,user_017,"Проведи когортный анализ пользователей нашего сервиса 

Контекст: Работаю над проектом в сфере IT, команда из 10 человек. Срочность: средняя. Дополнительные требования: стиль — деловой, объём — подробно.

Проведи когортный анализ пользователей нашего сервиса Проведи когортный анализ пользователей нашего сервиса Проведи когортный анализ пользователей нашего сервиса",Анализ данных,Сбор аналитики,74928,5.74,5
9c4d7a57,2024-02-26T21:32:00,user_050,"Создай задачу в Jira для исправления бага в платёжной системе 

Контекст: Работаю над проектом в сфере IT, команда из 10 человек. Срочность: высокая. Дополнительные требования: стиль — деловой, объём — кратко.

Создай задачу в Jira для исправления бага в платёжной системе Создай задачу в Jira для исправления бага в платёжной системе Создай задачу в Jira для исправления бага в платёжной системе Создай задачу в Jira для исправления бага в платёжной системе Создай задачу в Jira для исправления бага в платёжной системе Создай задачу в Jira для исправления бага в платёжной системе Создай задачу в Jira для исправления бага в платёжной системе Создай задачу в Jira для исправления бага в платёжной системе",Работа с документами,Работа с Jira/Confluence,55644,35.72,4
51d19588,2024-02-27T06:05:00,user_048,"Составь описание продукта для маркетплейса 

Контекст: Работаю над проектом в сфере IT, команда из 10 человек. Срочность: средняя. Дополнительные требования: стиль — деловой, объём — подробно.

Составь описание продукта для маркетплейса Составь описание продукта для маркетплейса Составь описание продукта для маркетплейса Составь описание продукта для маркетплейса Составь описание продукта для маркетплейса Составь описание продукта для маркетплейса Составь описание продукта для маркетплейса",Генерация текста,Создание маркетинговых текстов,93875,18.03,1
aab82165,2024-02-27T07:04:00,user_032,"Напиши письмо руководителю с запросом на выделение бюджета 

Контекст: Работаю над проектом в сфере IT, команда из 10 человек. Срочность: средняя. Дополнительные требования: стиль — деловой, объём — кратко.

Напиши письмо руководителю с запросом на выделение бюджета Напиши письмо руководителю с запросом на выделение бюджета Напиши письмо руководителю с запросом на выделение бюджета",Генерация текста,Написание деловых писем,53922,43.19,4
a5b097d0,2024-02-27T17:39:00,user_040,"Перепиши этот код с использованием паттерна Repository 

Контекст: Работаю над проектом в сфере IT, команда из 10 человек. Срочность: средняя. Дополнительные требования: стиль — деловой, объём — кратко.

Перепиши этот код с использованием паттерна Repository Перепиши этот код с использованием паттерна Repository Перепиши этот код с использованием паттерна Repository Перепиши этот код с использованием паттерна Repository Перепиши этот код с использованием паттерна Repository",Написание кода,Анализ и оптимизация кода,54615,25.74,3
87fbfd06,2024-02-28T12:08:00,user_034,"Создай презентацию на основе отчёта аналитиков 

Контекст: Работаю над проектом в сфере IT, команда из 10 человек. Срочность: высокая. Дополнительные требования: стиль — деловой, объём — подробно.

Создай презентацию на основе отчёта аналитиков Создай презентацию на основе отчёта аналитиков Создай презентацию на основе отчёта аналитиков Создай презентацию на основе отчёта аналитиков Создай презентацию на основе отчёта аналитиков Создай презентацию на основе отчёта аналитиков Создай презентацию на основе отчёта аналитиков",Работа с документами,Обработка документов,97538,23.85,2
80bf3559,2024-02-28T13:01:00,user_023,"Обнови страницу Confluence с документацией API 

Контекст: Работаю над проектом в сфере IT, команда из 10 человек. Срочность: средняя. Дополнительные требования: стиль — деловой, объём — кратко.

Обнови страницу Confluence с документацией API Обнови страницу Confluence с документацией API Обнови страницу Confluence с документацией API",Работа с документами,Работа с Jira/Confluence,68268,6.9,3
c61d74b8,2024-02-28T22:04:00,user_028,"Что такое Docker и зачем он нужен? 

Контекст: Работаю над проектом в сфере IT, команда из 10 человек. Срочность: средняя. Дополнительные требования: стиль — деловой, объём — подробно.

Что такое Docker и зачем он нужен? Что такое Docker и зачем он нужен? Что такое Docker и зачем он нужен? Что такое Docker и зачем он нужен? Что такое Docker и зачем он нужен? Что такое Docker и зачем он нужен?",Обучение и онбординг,Технические вопросы,83343,34.81,5
f05cda66,2024-02-28T22:09:00,user_037,"Создай рекламный слоган для нового сервиса 

Контекст: Работаю над проектом в сфере IT, команда из 10 человек. Срочность: высокая. Дополнительные требования: стиль — деловой, объём — кратко.

Создай рекламный слоган для нового сервиса Создай рекламный слоган для нового сервиса Создай рекламный слоган для нового сервиса Создай рекламный слоган для нового сервиса Создай рекламный слоган для нового сервиса Создай рекламный слоган для нового сервиса",Генерация текста,Создание маркетинговых текстов,97142,26.19,2
b57ad40c,2024-02-28T23:03:00,user_043,"Создай обучающий материал по работе с нашей CRM-системой 

Контекст: Работаю над проектом в сфере IT, команда из 10 человек. Срочность: средняя. Дополнительные требования: стиль — деловой, объём — подробно.

Создай обучающий материал по работе с нашей CRM-системой Создай обучающий материал по работе с нашей CRM-системой Создай обучающий материал по работе с нашей CRM-системой Создай обучающий материал по работе с нашей CRM-системой",Обучение и онбординг,Обучение сотрудников,76474,25.54,2
83ba456c,2024-02-29T01:55:00,user_048,"Найди корреляцию между маркетинговыми расходами и продажами 

Контекст: Работаю над проектом в сфере IT, команда из 10 человек. Срочность: средняя. Дополнительные требования: стиль — деловой, объём — кратко.

Найди корреляцию между маркетинговыми расходами и продажами Найди корреляцию между маркетинговыми расходами и продажами Найди корреляцию между маркетинговыми расходами и продажами",Анализ данных,Сбор аналитики,135463,32.92,1
a3c55da1,2024-02-29T06:07:00,user_012,"Оцени риски перехода на новую технологию 

Контекст: Работаю над проектом в сфере IT, команда из 10 человек. Срочность: средняя. Дополнительные требования: стиль — деловой, объём — кратко.

Оцени риски перехода на новую технологию Оцени риски перехода на новую технологию Оцени риски перехода на новую технологию Оцени риски перехода на новую технологию Оцени риски перехода на новую технологию Оцени риски перехода на новую технологию Оцени риски перехода на новую технологию",Обучение и онбординг,Стратегические вопросы,134436,23.19,2
ea400084,2024-02-29T21:02:00,user_040,"Сравни две версии документа и опиши различия 

Контекст: Работаю над проектом в сфере IT, команда из 10 человек. Срочность: средняя. Дополнительные требования: стиль — деловой, объём — подробно.

Сравни две версии документа и опиши различия Сравни две версии документа и опиши различия Сравни две версии документа и опиши различия Сравни две версии документа и опиши различия Сравни две версии документа и опиши различия",Работа с документами,Обработка документов,72030,21.95,2
854ad718,2024-02-29T21:29:00,user_025,"Подготовь презентацию продукта для потенциального партнёра 

Контекст: Работаю над проектом в сфере IT, команда из 10 человек. Срочность: высокая. Дополнительные требования: стиль — деловой, объём — подробно.

Подготовь презентацию продукта для потенциального партнёра Подготовь презентацию продукта для потенциального партнёра Подготовь презентацию продукта для потенциального партнёра Подготовь презентацию продукта для потенциального партнёра Подготовь презентацию продукта для потенциального партнёра Подготовь презентацию продукта для потенциального партнёра",Работа с клиентами,Продажи и переговоры,143189,19.83,1
cb30b76f,2024-03-01T16:56:00,user_022,"Составь план переговоров с ключевым клиентом 

Контекст: Работаю над проектом в сфере IT, команда из 10 человек. Срочность: средняя. Дополнительные требования: стиль — деловой, объём — подробно.

Составь план переговоров с ключевым клиентом Составь план переговоров с ключевым клиентом Составь план переговоров с ключевым клиентом Составь план переговоров с ключевым клиентом Составь план переговоров с ключевым клиентом",Работа с клиентами,Продажи и переговоры,74056,9.13,1
d0f03324,2024-03-03T07:01:00,user_007,"Составь ответ на жалобу клиента о задержке доставки 

Контекст: Работаю над проектом в сфере IT, команда из 10 человек. Срочность: средняя. Дополнительные требования: стиль — деловой, объём — кратко.

Составь ответ на жалобу клиента о задержке доставки Составь ответ на жалобу клиента о задержке доставки Составь ответ на жалобу клиента о задержке доставки Составь ответ на жалобу клиента о задержке доставки Составь ответ на жалобу клиента о задержке доставки Составь ответ на жалобу клиента о задержке доставки Составь ответ на жалобу клиента о задержке доставки Составь ответ на жалобу клиента о задержке доставки",Работа с клиентами,Поддержка клиентов,75039,20.28,1
8e704835,2024-03-03T16:51:00,user_016,"Найди корреляцию между маркетинговыми расходами и продажами 

Контекст: Работаю над проектом в сфере IT, команда из 10 человек. Срочность: средняя. Дополнительные требования: стиль — деловой, объём — подробно.

Найди корреляцию между маркетинговыми расходами и продажами Найди корреляцию между маркетинговыми расходами и продажами Найди корреляцию между маркетинговыми расходами и продажами Найди корреляцию между маркетинговыми расходами и продажами Найди корреляцию между маркетинговыми расходами и продажами",Анализ данных,Сбор аналитики,137590,37.54,4
328dd7ee,2024-03-04T11:29:00,user_041,"Составь техническое задание на разработку мобильного приложения 

Контекст: Работаю над проектом в сфере IT, команда из 10 человек. Срочность: средняя. Дополнительные требования: стиль — деловой, объём — кратко.

Составь техническое задание на разработку мобильного приложения Составь техническое задание на разработку мобильного приложения Составь техническое задание на разработку мобильного приложения Составь техническое задание на разработку мобильного приложения Составь техническое задание на разработку мобильного приложения Составь техническое задание на разработку мобильного приложения",Обучение и онбординг,Стратегические вопросы,59050,18.43,5
950a9aa9,2024-03-04T12:00:00,user_039,"Напиши описание для bug report в Jira 

Контекст: Работаю над проектом в сфере IT, команда из 10 человек. Срочность: средняя. Дополнительные требования: стиль — деловой, объём — кратко.

Напиши описание для bug report в Jira Напиши описание для bug report в Jira Напиши описание для bug report в Jira Напиши описание для bug report в Jira",Работа с документами,Работа с Jira/Confluence,98500,35.34,
895edd90,2024-03-04T15:08:00,user_032,"Как устроена работа DNS? 

Контекст: Работаю над проектом в сфере IT, команда из 10 человек. Срочность: высокая. Дополнительные требования: стиль — деловой, объём — кратко.

Как устроена работа DNS? Как устроена работа DNS? Как устроена работа DNS?",Обучение и онбординг,Технические вопросы,136457,43.95,3
ad243e3d,2024-03-05T03:48:00,user_038,"Составь аргументы для переговоров о скидке 

Контекст: Работаю над проектом в сфере IT, команда из 10 человек. Срочность: средняя. Дополнительные требования: стиль — деловой, объём — кратко.

Составь аргументы для переговоров о скидке Составь аргументы для переговоров о скидке Составь аргументы для переговоров о скидке",Работа с клиентами,Продажи и переговоры,64200,39.7,4
c21c3556,2024-03-06T01:20:00,user_017,"Напиши follow-up письмо после деловой встречи 

Контекст: Работаю над проектом в сфере IT, команда из 10 человек. Срочность: высокая. Дополнительные требования: стиль — деловой, объём — кратко.

Напиши follow-up письмо после деловой встречи Напиши follow-up письмо после деловой встречи Напиши follow-up письмо после деловой встречи Напиши follow-up письмо после деловой встречи Напиши follow-up письмо после деловой встречи Напиши follow-up письмо после деловой встречи Напиши follow-up письмо после деловой встречи Напиши follow-up письмо после деловой встречи",Работа с клиентами,Продажи и переговоры,89817,35.52,
5b2e9a4e,2024-03-07T03:48:00,user_038,"Предскажи вероятность оттока для каждого клиента 

Контекст: Работаю над проектом в сфере IT, команда из 10 человек. Срочность: высокая. Дополнительные требования: стиль — деловой, объём — кратко.

Предскажи вероятность оттока для каждого клиента Предскажи вероятность оттока для каждого клиента Предскажи вероятность оттока для каждого клиента Предскажи вероятность оттока для каждого клиента",Анализ данных,Прогнозирование,126039,33.16,4
9e067a1d,2024-03-07T13:49:00,user_028,"Пометь приоритетные письма и создай задачи из них 

Контекст: Работаю над проектом в сфере IT, команда из 10 человек. Срочность: высокая. Дополнительные требования: стиль — деловой, объём — подробно.

Пометь приоритетные письма и создай задачи из них Пометь приоритетные письма и создай задачи из них Пометь приоритетные письма и создай задачи из них",Работа с документами,Мониторинг почты,74704,5.44,3
86eba6e2,2024-03-08T10:10:00,user_040,"Напиши сценарий для промо-видео 

Контекст: Работаю над проектом в сфере IT, команда из 10 человек. Срочность: высокая. Дополнительные требования: стиль — деловой, объём — подробно.

Напиши сценарий для промо-видео Напиши сценарий для промо-видео Напиши сценарий для промо-видео Напиши сценарий для промо-видео",Генерация текста,Создание маркетинговых текстов,56955,21.35,
77bfa7bc,2024-03-08T11:57:00,user_017,"Напиши инструкцию для клиента по настройке интеграции 

Контекст: Работаю над проектом в сфере IT, команда из 10 человек. Срочность: средняя. Дополнительные требования: стиль — деловой, объём — подробно.

Напиши инструкцию для клиента по настройке интеграции Напиши инструкцию для клиента по настройке интеграции Напиши инструкцию для клиента по настройке интеграции Напиши инструкцию для клиента по настройке интеграции Напиши инструкцию для клиента по настройке интеграции",Работа с клиентами,Поддержка клиентов,115676,43.96,
0de851da,2024-03-09T11:40:00,user_034,"Напиши сценарий для промо-видео 

Контекст: Работаю над проектом в сфере IT, команда из 10 человек. Срочность: высокая. Дополнительные требования: стиль — деловой, объём — подробно.

Напиши сценарий для промо-видео Напиши сценарий для промо-видео Напиши сценарий для промо-видео Напиши сценарий для промо-видео Напиши сценарий для промо-видео Напиши сценарий для промо-видео Напиши сценарий для промо-видео Напиши сценарий для промо-видео",Генерация текста,Создание маркетинговых текстов,136723,21.13,2
7c041052,2024-03-10T06:31:00,user_028,"Создай обучающий материал по работе с нашей CRM-системой 

Контекст: Работаю над проектом в сфере IT, команда из 10 человек. Срочность: высокая. Дополнительные требования: стиль — деловой, объём — подробно.

Создай обучающий материал по работе с нашей CRM-системой Создай обучающий материал по работе с нашей CRM-системой Создай обучающий материал по работе с нашей CRM-системой",Обучение и онбординг,Обучение сотрудников,121977,6.21,5
6c4c6f3c,2024-03-10T08:00:00,user_041,"Проанализируй воронку конверсии на сайте 

Контекст: Работаю над проектом в сфере IT, команда из 10 человек. Срочность: средняя. Дополнительные требования: стиль — деловой, объём — кратко.

Проанализируй воронку конверсии на сайте Проанализируй воронку конверсии на сайте Проанализируй воронку конверсии на сайте Проанализируй воронку конверсии на сайте",Анализ данных,Сбор аналитики,79595,28.89,2
75007670,2024-03-10T16:07:00,user_035,"Проверь входящие и составь краткую сводку важных писем 

Контекст: Работаю над проектом в сфере IT, команда из 10 человек. Срочность: средняя. Дополнительные требования: стиль — деловой, объём — подробно.

Проверь входящие и составь краткую сводку важных писем Проверь входящие и составь краткую сводку важных писем Проверь входящие и составь краткую сводку важных писем Проверь входящие и составь краткую сводку важных писем Проверь входящие и составь краткую сводку важных писем",Работа с документами,Мониторинг почты,149592,31.73,2
8dbc7ba6,2024-03-11T08:10:00,user_028,"Составь план переговоров с ключевым клиентом 

Контекст: Работаю над проектом в сфере IT, команда из 10 человек. Срочность: высокая. Дополнительные требования: стиль — деловой, объём — подробно.

Составь план переговоров с ключевым клиентом Составь план переговоров с ключевым клиентом Составь план переговоров с ключевым клиентом",Работа с клиентами,Продажи и переговоры,141254,27.98,2
6b391df7,2024-03-11T20:51:00,user_029,"Создай шаблон письма о плановых технических работах 

Контекст: Работаю над проектом в сфере IT, команда из 10 человек. Срочность: средняя. Дополнительные требования: стиль — деловой, объём — кратко.

Создай шаблон письма о плановых технических работах Создай шаблон письма о плановых технических работах Создай шаблон письма о плановых технических работах Создай шаблон письма о плановых технических работах Создай шаблон письма о плановых технических работах Создай шаблон письма о плановых технических работах Создай шаблон письма о плановых технических работах Создай шаблон письма о плановых технических работах",Работа с клиентами,Поддержка клиентов,138651,10.41,4
2c5f6d44,2024-03-12T03:32:00,user_043,"Рефакторинг: разбей этот файл на модули 

Контекст: Работаю над проектом в сфере IT, команда из 10 человек. Срочность: средняя. Дополнительные требования: стиль — деловой, объём — подробно.

Рефакторинг: разбей этот файл на модули Рефакторинг: разбей этот файл на модули Рефакторинг: разбей этот файл на модули Рефакторинг: разбей этот файл на модули",Написание кода,Анализ и оптимизация кода,136734,14.55,5
c1a42609,2024-03-12T05:17:00,user_044,"Спрогнозируй бюджет проекта на основе текущих трендов 

Контекст: Работаю над проектом в сфере IT, команда из 10 человек. Срочность: средняя. Дополнительные требования: стиль — деловой, объём — подробно.

Спрогнозируй бюджет проекта на основе текущих трендов Спрогнозируй бюджет проекта на основе текущих трендов Спрогнозируй бюджет проекта на основе текущих трендов Спрогнозируй бюджет проекта на основе текущих трендов Спрогнозируй бюджет проекта на основе текущих трендов",Анализ данных,Прогнозирование,63813,6.47,3
4733a29a,2024-03-12T10:45:00,user_044,"Создай шаблон письма о плановых технических работах 

Контекст: Работаю над проектом в сфере IT, команда из 10 человек. Срочность: средняя. Дополнительные требования: стиль — деловой, объём — кратко.

Создай шаблон письма о плановых технических работах Создай шаблон письма о плановых технических работах Создай шаблон письма о плановых технических работах Создай шаблон письма о плановых технических работах Создай шаблон письма о плановых технических работах Создай шаблон письма о плановых технических работах Создай шаблон письма о плановых технических работах",Работа с клиентами,Поддержка клиентов,53072,6.24,1
e828d795,2024-03-12T11:20:00,user_031,"Напиши скрипт холодного звонка для нового продукта 

Контекст: Работаю над проектом в сфере IT, команда из 10 человек. Срочность: средняя. Дополнительные требования: стиль — деловой, объём — кратко.

Напиши скрипт холодного звонка для нового продукта Напиши скрипт холодного звонка для нового продукта Напиши скрипт холодного звонка для нового продукта Напиши скрипт холодного звонка для нового продукта Напиши скрипт холодного звонка для нового продукта Напиши скрипт холодного звонка для нового продукта Напиши скрипт холодного звонка для нового продукта Напиши скрипт холодного звонка для нового продукта",Работа с клиентами,Продажи и переговоры,124287,5.35,3
1c1f3057,2024-03-12T16:16:00,user_024,"Создай компонент React для отображения графиков 

Контекст: Работаю над проектом в сфере IT, команда из 10 человек. Срочность: средняя. Дополнительные требования: стиль — деловой, объём — кратко.

Создай компонент React для отображения графиков Создай компонент React для отображения графиков Создай компонент React для отображения графиков Создай компонент React для отображения графиков Создай компонент React для отображения графиков",Написание кода,Разработка веб-приложений,75265,8.3,2
d8f17fb1,2024-03-12T16:53:00,user_048,"Создай обучающий материал по работе с нашей CRM-системой 

Контекст: Работаю над проектом в сфере IT, команда из 10 человек. Срочность: средняя. Дополнительные требования: стиль — деловой, объём — подробно.

Создай обучающий материал по работе с нашей CRM-системой Создай обучающий материал по работе с нашей CRM-системой Создай обучающий материал по работе с нашей CRM-системой",Обучение и онбординг,Обучение сотрудников,78988,2.81,2
43095b74,2024-03-12T23:11:00,user_035,"Подготовь коммерческое предложение для крупного клиента 

Контекст: Работаю над проектом в сфере IT, команда из 10 человек. Срочность: средняя. Дополнительные требования: стиль — деловой, объём — кратко.

Подготовь коммерческое предложение для крупного клиента Подготовь коммерческое предложение для крупного клиента Подготовь коммерческое предложение для крупного клиента",Работа с клиентами,Продажи и переговоры,142176,40.63,5
50747793,2024-03-12T23:34:00,user_012,"Напиши follow-up письмо после деловой встречи 

Контекст: Работаю над проектом в сфере IT, команда из 10 человек. Срочность: высокая. Дополнительные требования: стиль — деловой, объём — кратко.

Напиши follow-up письмо после деловой встречи Напиши follow-up письмо после деловой встречи Напиши follow-up письмо после деловой встречи Напиши follow-up письмо после деловой встречи Напиши follow-up письмо после деловой встречи",Работа с клиентами,Продажи и переговоры,145166,8.62,1
eb6e5f95,2024-03-13T01:30:00,user_046,"Создай скрипт для автоматического бэкапа базы данных 

Контекст: Работаю над проектом в сфере IT, команда из 10 человек. Срочность: средняя. Дополнительные требования: стиль — деловой, объём — подробно.

Создай скрипт для автоматического бэкапа базы данных Создай скрипт для автоматического бэкапа базы данных Создай скрипт для автоматического бэкапа базы данных Создай скрипт для автоматического бэкапа базы данных Создай скрипт для автоматического бэкапа базы данных Создай скрипт для автоматического бэкапа базы данных Создай скрипт для автоматического бэкапа базы данных Создай скрипт для автоматического бэкапа базы данных",Написание кода,Автоматизация рутины,128228,18.73,1
554e2d1c,2024-03-13T05:23:00,user_004,"Создай выжимку из длинного документа на 50 страниц 

Контекст: Работаю над проектом в сфере IT, команда из 10 человек. Срочность: высокая. Дополнительные требования: стиль — деловой, объём — кратко.

Создай выжимку из длинного документа на 50 страниц Создай выжимку из длинного документа на 50 страниц Создай выжимку из длинного документа на 50 страниц Создай выжимку из длинного документа на 50 страниц Создай выжимку из длинного документа на 50 страниц Создай выжимку из длинного документа на 50 страниц Создай выжимку из длинного документа на 50 страниц",Генерация текста,Генерация отчётов и резюме,84138,16.37,
8c51210c,2024-03-13T07:07:00,user_008,"Что такое Kubernetes и когда его использовать? 

Контекст: Работаю над проектом в сфере IT, команда из 10 человек. Срочность: высокая. Дополнительные требования: стиль — деловой, объём — кратко.

Что такое Kubernetes и когда его использовать? Что такое Kubernetes и когда его использовать? Что такое Kubernetes и когда его использовать? Что такое Kubernetes и когда его использовать?",Обучение и онбординг,Технические вопросы,122840,34.1,2
a9069129,2024-03-13T08:48:00,user_042,"Напиши краткий отчёт о проделанной работе за неделю 

Контекст: Работаю над проектом в сфере IT, команда из 10 человек. Срочность: средняя. Дополнительные требования: стиль — деловой, объём — подробно.

Напиши краткий отчёт о проделанной работе за неделю Напиши краткий отчёт о проделанной работе за неделю Напиши краткий отчёт о проделанной работе за неделю Напиши краткий отчёт о проделанной работе за неделю Напиши краткий отчёт о проделанной работе за неделю Напиши краткий отчёт о проделанной работе за неделю Напиши краткий отчёт о проделанной работе за неделю",Генерация текста,Генерация отчётов и резюме,133476,33.51,5
ab48de09,2024-03-13T10:10:00,user_032,"Составь пост для соцсетей о новой функции 

Контекст: Работаю над проектом в сфере IT, команда из 10 человек. Срочность: средняя. Дополнительные требования: стиль — деловой, объём — подробно.

Составь пост для соцсетей о новой функции Составь пост для соцсетей о новой функции Составь пост для соцсетей о новой функции Составь пост для соцсетей о новой функции Составь пост для соцсетей о новой функции",Генерация текста,Создание маркетинговых текстов,68762,34.52,5
38a27b5d,2024-03-13T14:21:00,user_010,"Объясни разницу между REST и GraphQL простым языком 

Контекст: Работаю над проектом в сфере IT, команда из 10 человек. Срочность: средняя. Дополнительные требования: стиль — деловой, объём — подробно.

Объясни разницу между REST и GraphQL простым языком Объясни разницу между REST и GraphQL простым языком Объясни разницу между REST и GraphQL простым языком Объясни разницу между REST и GraphQL простым языком Объясни разницу между REST и GraphQL простым языком Объясни разницу между REST и GraphQL простым языком Объясни разницу между REST и GraphQL простым языком Объясни разницу между REST и GraphQL простым языком",Обучение и онбординг,Технические вопросы,91464,28.66,
c00acfee,2024-03-13T15:33:00,user_032,"Проанализируй отток клиентов за последние 6 месяцев 

Контекст: Работаю над проектом в сфере IT, команда из 10 человек. Срочность: средняя. Дополнительные требования: стиль — деловой, объём — кратко.

Проанализируй отток клиентов за последние 6 месяцев Проанализируй отток клиентов за последние 6 месяцев Проанализируй отток клиентов за последние 6 месяцев Проанализируй отток клиентов за последние 6 месяцев Проанализируй отток клиентов за последние 6 месяцев",Анализ данных,Сбор аналитики,146971,41.49,5
47b055ad,2024-03-13T16:15:00,user_024,"Предскажи конверсию нового маркетингового канала 

Контекст: Работаю над проектом в сфере IT, команда из 10 человек. Срочность: средняя. Дополнительные требования: стиль — деловой, объём — подробно.

Предскажи конверсию нового маркетингового канала Предскажи конверсию нового маркетингового канала Предскажи конверсию нового маркетингового канала Предскажи конверсию нового маркетингового канала Предскажи конверсию нового маркетингового канала Предскажи конверсию нового маркетингового канала Предскажи конверсию нового маркетингового канала",Анализ данных,Прогнозирование,133371,11.63,2
85460aa2,2024-03-13T16:25:00,user_047,"Извлеки ключевые данные из договора и заполни таблицу 

Контекст: Работаю над проектом в сфере IT, команда из 10 человек. Срочность: средняя. Дополнительные требования: стиль — деловой, объём — кратко.

Извлеки ключевые данные из договора и заполни таблицу Извлеки ключевые данные из договора и заполни таблицу Извлеки ключевые данные из договора и заполни таблицу",Работа с документами,Обработка документов,118794,36.53,
9ced7784,2024-03-13T20:07:00,user_050,"Объясни архитектуру нашего проекта новому разработчику 

Контекст: Работаю над проектом в сфере IT, команда из 10 человек. Срочность: средняя. Дополнительные требования: стиль — деловой, объём — подробно.

Объясни архитектуру нашего проекта новому разработчику Объясни архитектуру нашего проекта новому разработчику Объясни архитектуру нашего проекта новому разработчику",Обучение и онбординг,Обучение сотрудников,125888,10.02,4
198e6a86,2024-03-13T20:25:00,user_026,"Объясни паттерн проектирования Singleton на примере 

Контекст: Работаю над проектом в сфере IT, команда из 10 человек. Срочность: высокая. Дополнительные требования: стиль — деловой, объём — кратко.

Объясни паттерн проектирования Singleton на примере Объясни паттерн проектирования Singleton на примере Объясни паттерн проектирования Singleton на примере",Обучение и онбординг,Технические вопросы,113700,11.97,1
3e39c7b3,2024-03-13T22:39:00,user_033,"Напиши ответ на вопрос клиента о тарифах 

Контекст: Работаю над проектом в сфере IT, команда из 10 человек. Срочность: высокая. Дополнительные требования: стиль — деловой, объём — кратко.

Напиши ответ на вопрос клиента о тарифах Напиши ответ на вопрос клиента о тарифах Напиши ответ на вопрос клиента о тарифах Напиши ответ на вопрос клиента о тарифах",Работа с клиентами,Поддержка клиентов,113242,16.94,3
ea3c1c68,2024-03-14T02:52:00,user_003,"Создай презентацию на основе отчёта аналитиков 

Контекст: Работаю над проектом в сфере IT, команда из 10 человек. Срочность: средняя. Дополнительные требования: стиль — деловой, объём — кратко.

Создай презентацию на основе отчёта аналитиков Создай презентацию на основе отчёта аналитиков Создай презентацию на основе отчёта аналитиков",Работа с документами,Обработка документов,55523,4.79,2
3c175601,2024-03-14T05:49:00,user_048,"Напиши благодарственное письмо клиенту за долгосрочное партнёрство 

Контекст: Работаю над проектом в сфере IT, команда из 10 человек. Срочность: средняя. Дополнительные требования: стиль — деловой, объём — подробно.

Напиши благодарственное письмо клиенту за долгосрочное партнёрство Напиши благодарственное письмо клиенту за долгосрочное партнёрство Напиши благодарственное письмо клиенту за долгосрочное партнёрство Напиши благодарственное письмо клиенту за долгосрочное партнёрство Напиши благодарственное письмо клиенту за долгосрочное партнёрство Напиши благодарственное письмо клиенту за долгосрочное партнёрство",Генерация текста,Написание деловых писем,59050,35.22,5
462daf51,2024-03-14T19:28:00,user_002,"Составь план миграции с монолита на микросервисы 

Контекст: Работаю над проектом в сфере IT, команда из 10 человек. Срочность: высокая. Дополнительные требования: стиль — деловой, объём — кратко.

Составь план миграции с монолита на микросервисы Составь план миграции с монолита на микросервисы Составь план миграции с монолита на микросервисы Составь план миграции с монолита на микросервисы Составь план миграции с монолита на микросервисы Составь план миграции с монолита на микросервисы Составь план миграции с монолита на микросервисы Составь план миграции с монолита на микросервисы",Обучение и онбординг,Стратегические вопросы,132960,16.14,4
fe6fc80d,2024-03-15T07:58:00,user_025,"Как организовать code review в команде из 15 человек? 

Контекст: Работаю над проектом в сфере IT, команда из 10 человек. Срочность: высокая. Дополнительные требования: стиль — деловой, объём — кратко.

Как организовать code review в команде из 15 человек? Как организовать code review в команде из 15 человек? Как организовать code review в команде из 15 человек? Как организовать code review в команде из 15 человек? Как организовать code review в команде из 15 человек? Как организовать code review в команде из 15 человек? Как организовать code review в команде из 15 человек? Как организовать code review в команде из 15 человек?",Обучение и онбординг,Стратегические вопросы,119265,8.2,3
e91d89da,2024-03-15T20:56:00,user_018,"Напиши благодарственное письмо клиенту за долгосрочное партнёрство 

Контекст: Работаю над проектом в сфере IT, команда из 10 человек. Срочность: средняя. Дополнительные требования: стиль — деловой, объём — кратко.

Напиши благодарственное письмо клиенту за долгосрочное партнёрство Напиши благодарственное письмо клиенту за долгосрочное партнёрство Напиши благодарственное письмо клиенту за долгосрочное партнёрство",Генерация текста,Написание деловых писем,79092,20.94,
3ffc2f4f,2024-03-16T01:51:00,user_032,"Исправь race condition в многопоточном коде 

Контекст: Работаю над проектом в сфере IT, команда из 10 человек. Срочность: средняя. Дополнительные требования: стиль — деловой, объём — подробно.

Исправь race condition в многопоточном коде Исправь race condition в многопоточном коде Исправь race condition в многопоточном коде Исправь race condition в многопоточном коде Исправь race condition в многопоточном коде",Написание кода,Анализ и оптимизация кода,79424,29.54,3
84dd76bc,2024-03-17T05:29:00,user_023,"Создай FAQ по часто задаваемым вопросам клиентов 

Контекст: Работаю над проектом в сфере IT, команда из 10 человек. Срочность: средняя. Дополнительные требования: стиль — деловой, объём — подробно.

Создай FAQ по часто задаваемым вопросам клиентов Создай FAQ по часто задаваемым вопросам клиентов Создай FAQ по часто задаваемым вопросам клиентов",Работа с клиентами,Поддержка клиентов,67894,5.03,3
57f5b3ac,2024-03-17T16:33:00,user_038,"Создай текст для баннерной рекламы 

Контекст: Работаю над проектом в сфере IT, команда из 10 человек. Срочность: высокая. Дополнительные требования: стиль — деловой, объём — кратко.

Создай текст для баннерной рекламы Создай текст для баннерной рекламы Создай текст для баннерной рекламы Создай текст для баннерной рекламы Создай текст для баннерной рекламы Создай текст для баннерной рекламы Создай текст для баннерной рекламы Создай текст для баннерной рекламы",Генерация текста,Создание маркетинговых текстов,146323,41.14,3
0b27fd0e,2024-03-18T10:01:00,user_011,"Проведи code review этого модуля и найди уязвимости 

Контекст: Работаю над проектом в сфере IT, команда из 10 человек. Срочность: средняя. Дополнительные требования: стиль — деловой, объём — подробно.

Проведи code review этого модуля и найди уязвимости Проведи code review этого модуля и найди уязвимости Проведи code review этого модуля и найди уязвимости",Написание кода,Анализ и оптимизация кода,56047,13.75,4
a8b56c39,2024-03-18T17:19:00,user_001,"Напиши инструкцию для клиента по настройке интеграции 

Контекст: Работаю над проектом в сфере IT, команда из 10 человек. Срочность: средняя. Дополнительные требования: стиль — деловой, объём — кратко.

Напиши инструкцию для клиента по настройке интеграции Напиши инструкцию для клиента по настройке интеграции Напиши инструкцию для клиента по настройке интеграции Напиши инструкцию для клиента по настройке интеграции",Работа с клиентами,Поддержка клиентов,131373,37.09,3
4c3d6670,2024-03-18T19:43:00,user_010,"Составь план переговоров с ключевым клиентом 

Контекст: Работаю над проектом в сфере IT, команда из 10 человек. Срочность: средняя. Дополнительные требования: стиль — деловой, объём — кратко.

Составь план переговоров с ключевым клиентом Составь план переговоров с ключевым клиентом Составь план переговоров с ключевым клиентом Составь план переговоров с ключевым клиентом Составь план переговоров с ключевым клиентом Составь план переговоров с ключевым клиентом Составь план переговоров с ключевым клиентом Составь план переговоров с ключевым клиентом",Работа с клиентами,Продажи и переговоры,104960,11.72,2
3adb9b9d,2024-03-19T14:30:00,user_037,"Создай скрипт для автоматической генерации документов по шаблону 

Контекст: Работаю над проектом в сфере IT, команда из 10 человек. Срочность: средняя. Дополнительные требования: стиль — деловой, объём — кратко.

Создай скрипт для автоматической генерации документов по шаблону Создай скрипт для автоматической генерации документов по шаблону Создай скрипт для автоматической генерации документов по шаблону Создай скрипт для автоматической генерации документов по шаблону Создай скрипт для автоматической генерации документов по шаблону Создай скрипт для автоматической генерации документов по шаблону",Написание кода,Автоматизация рутины,133562,35.27,2
b5c16265,2024-03-20T04:03:00,user_046,"Напиши описание для bug report в Jira 

Контекст: Работаю над проектом в сфере IT, команда из 10 человек. Срочность: высокая. Дополнительные требования: стиль — деловой, объём — кратко.

Напиши описание для bug report в Jira Напиши описание для bug report в Jira Напиши описание для bug report в Jira Напиши описание для bug report в Jira Напиши описание для bug report в Jira Напиши описание для bug report в Jira Напиши описание для bug report в Jira",Работа с документами,Работа с Jira/Confluence,86172,17.3,4
ad4b349c,2024-03-20T09:20:00,user_006,"Составь резюме встречи по итогам обсуждения 

Контекст: Работаю над проектом в сфере IT, команда из 10 человек. Срочность: средняя. Дополнительные требования: стиль — деловой, объём — подробно.

Составь резюме встречи по итогам обсуждения Составь резюме встречи по итогам обсуждения Составь резюме встречи по итогам обсуждения Составь резюме встречи по итогам обсуждения Составь резюме встречи по итогам обсуждения Составь резюме встречи по итогам обсуждения Составь резюме встречи по итогам обсуждения Составь резюме встречи по итогам обсуждения",Генерация текста,Генерация отчётов и резюме,141590,20.92,1
07578e13,2024-03-20T20:00:00,user_037,"Построй график динамики выручки по месяцам 

Контекст: Работаю над проектом в сфере IT, команда из 10 человек. Срочность: средняя. Дополнительные требования: стиль — деловой, объём — подробно.

Построй график динамики выручки по месяцам Построй график динамики выручки по месяцам Построй график динамики выручки по месяцам Построй график динамики выручки по месяцам Построй график динамики выручки по месяцам Построй график динамики выручки по месяцам Построй график динамики выручки по месяцам",Анализ данных,Визуализация данных,79389,17.62,
f1132720,2024-03-22T07:25:00,user_024,"Создай задачу в Jira для исправления бага в платёжной системе 

Контекст: Работаю над проектом в сфере IT, команда из 10 человек. Срочность: средняя. Дополнительные требования: стиль — деловой, объём — кратко.

Создай задачу в Jira для исправления бага в платёжной системе Создай задачу в Jira для исправления бага в платёжной системе Создай задачу в Jira для исправления бага в платёжной системе",Работа с документами,Работа с Jira/Confluence,67129,13.81,2
10ca9bab,2024-03-22T09:04:00,user_034,"Что такое ACID-транзакции в базах данных? 

Контекст: Работаю над проектом в сфере IT, команда из 10 человек. Срочность: средняя. Дополнительные требования: стиль — деловой, объём — подробно.

Что такое ACID-транзакции в базах данных? Что такое ACID-транзакции в базах данных? Что такое ACID-транзакции в базах данных? Что такое ACID-транзакции в базах данных? Что такое ACID-транзакции в базах данных? Что такое ACID-транзакции в базах данных?",Обучение и онбординг,Технические вопросы,68023,9.23,2
b1e42a67,2024-03-22T14:45:00,user_001,"Подготовь деловое письмо с предложением о сотрудничестве 

Контекст: Работаю над проектом в сфере IT, команда из 10 человек. Срочность: средняя. Дополнительные требования: стиль — деловой, объём — кратко.

Подготовь деловое письмо с предложением о сотрудничестве Подготовь деловое письмо с предложением о сотрудничестве Подготовь деловое письмо с предложением о сотрудничестве Подготовь деловое письмо с предложением о сотрудничестве Подготовь деловое письмо с предложением о сотрудничестве Подготовь деловое письмо с предложением о сотрудничестве",Генерация текста,Написание деловых писем,119601,36.27,
c8604c4e,2024-03-22T23:31:00,user_028,"Предложи стратегию выхода на новый рынок 

Контекст: Работаю над проектом в сфере IT, команда из 10 человек. Срочность: средняя. Дополнительные требования: стиль — деловой, объём — кратко.

Предложи стратегию выхода на новый рынок Предложи стратегию выхода на новый рынок Предложи стратегию выхода на новый рынок Предложи стратегию выхода на новый рынок Предложи стратегию выхода на новый рынок Предложи стратегию выхода на новый рынок Предложи стратегию выхода на новый рынок Предложи стратегию выхода на новый рынок",Обучение и онбординг,Стратегические вопросы,81611,3.02,5
acd69f82,2024-03-23T16:59:00,user_049,"Напиши деловое письмо партнёру о переносе сроков проекта 

Контекст: Работаю над проектом в сфере IT, команда из 10 человек. Срочность: средняя. Дополнительные требования: стиль — деловой, объём — подробно.

Напиши деловое письмо партнёру о переносе сроков проекта Напиши деловое письмо партнёру о переносе сроков проекта Напиши деловое письмо партнёру о переносе сроков проекта Напиши деловое письмо партнёру о переносе сроков проекта Напиши деловое письмо партнёру о переносе сроков проекта",Генерация текста,Написание деловых писем,110458,5.93,3
bc087d14,2024-03-23T17:08:00,user_031,"Спрогнозируй бюджет проекта на основе текущих трендов 

Контекст: Работаю над проектом в сфере IT, команда из 10 человек. Срочность: средняя. Дополнительные требования: стиль — деловой, объём — кратко.

Спрогнозируй бюджет проекта на основе текущих трендов Спрогнозируй бюджет проекта на основе текущих трендов Спрогнозируй бюджет проекта на основе текущих трендов Спрогнозируй бюджет проекта на основе текущих трендов Спрогнозируй бюджет проекта на основе текущих трендов Спрогнозируй бюджет проекта на основе текущих трендов Спрогнозируй бюджет проекта на основе текущих трендов Спрогнозируй бюджет проекта на основе текущих трендов",Анализ данных,Прогнозирование,90638,16.95,
4f38cfa5,2024-03-23T20:12:00,user_016,"Создай скрипт для автоматической отправки отчётов по email 

Контекст: Работаю над проектом в сфере IT, команда из 10 человек. Срочность: средняя. Дополнительные требования: стиль — деловой, объём — подробно.

Создай скрипт для автоматической отправки отчётов по email Создай скрипт для автоматической отправки отчётов по email Создай скрипт для автоматической отправки отчётов по email Создай скрипт для автоматической отправки отчётов по email",Написание кода,Автоматизация рутины,84705,27.98,3
2a8fd492,2024-03-24T00:38:00,user_038,"Создай скрипт для автоматической отправки отчётов по email 

Контекст: Работаю над проектом в сфере IT, команда из 10 человек. Срочность: высокая. Дополнительные требования: стиль — деловой, объём — подробно.

Создай скрипт для автоматической отправки отчётов по email Создай скрипт для автоматической отправки отчётов по email Создай скрипт для автоматической отправки отчётов по email Создай скрипт для автоматической отправки отчётов по email Создай скрипт для автоматической отправки отчётов по email Создай скрипт для автоматической отправки отчётов по email Создай скрипт для автоматической отправки отчётов по email",Написание кода,Автоматизация рутины,80925,23.65,3
ad5ea189,2024-03-24T13:34:00,user_037,"Составь план миграции с монолита на микросервисы 

Контекст: Работаю над проектом в сфере IT, команда из 10 человек. Срочность: средняя. Дополнительные требования: стиль — деловой, объём — подробно.

Составь план миграции с монолита на микросервисы Составь план миграции с монолита на микросервисы Составь план миграции с монолита на микросервисы Составь план миграции с монолита на микросервисы Составь план миграции с монолита на микросервисы Составь план миграции с монолита на микросервисы Составь план миграции с монолита на микросервисы",Обучение и онбординг,Стратегические вопросы,128144,9.88,1
bf36b8bb,2024-03-24T18:49:00,user_034,"Оцени риски перехода на новую технологию 

Контекст: Работаю над проектом в сфере IT, команда из 10 человек. Срочность: высокая. Дополнительные требования: стиль — деловой, объём — кратко.

Оцени риски перехода на новую технологию Оцени риски перехода на новую технологию Оцени риски перехода на новую технологию Оцени риски перехода на новую технологию Оцени риски перехода на новую технологию",Обучение и онбординг,Стратегические вопросы,124651,33.63,
29dc31be,2024-03-24T19:17:00,user_017,"Проверь входящие и составь краткую сводку важных писем 

Контекст: Работаю над проектом в сфере IT, команда из 10 человек. Срочность: высокая. Дополнительные требования: стиль — деловой, объём — кратко.

Проверь входящие и составь краткую сводку важных писем Проверь входящие и составь краткую сводку важных писем Проверь входящие и составь краткую сводку важных писем Проверь входящие и составь краткую сводку важных писем Проверь входящие и составь краткую сводку важных писем Проверь входящие и составь краткую сводку важных писем Проверь входящие и составь краткую сводку важных писем",Работа с документами,Мониторинг почты,114227,2.66,2
6360f8b0,2024-03-24T22:52:00,user_024,"Создай обучающий материал по работе с нашей CRM-системой 

Контекст: Работаю над проектом в сфере IT, команда из 10 человек. Срочность: средняя. Дополнительные требования: стиль — деловой, объём — подробно.

Создай обучающий материал по работе с нашей CRM-системой Создай обучающий материал по работе с нашей CRM-системой Создай обучающий материал по работе с нашей CRM-системой Создай обучающий материал по работе с нашей CRM-системой Создай обучающий материал по работе с нашей CRM-системой Создай обучающий материал по работе с нашей CRM-системой",Обучение и онбординг,Обучение сотрудников,73435,25.45,5
d6eee9fb,2024-03-24T23:31:00,user_010,"Построй прогноз загрузки серверов на месяц 

Контекст: Работаю над проектом в сфере IT, команда из 10 человек. Срочность: средняя. Дополнительные требования: стиль — деловой, объём — кратко.

Построй прогноз загрузки серверов на месяц Построй прогноз загрузки серверов на месяц Построй прогноз загрузки серверов на месяц Построй прогноз загрузки серверов на месяц Построй прогноз загрузки серверов на месяц Построй прогноз загрузки серверов на месяц",Анализ данных,Прогнозирование,80199,20.87,1
23b74cf3,2024-03-25T01:02:00,user_043,"Напиши письмо-претензию поставщику о бракованной партии 

Контекст: Работаю над проектом в сфере IT, команда из 10 человек. Срочность: средняя. Дополнительные требования: стиль — деловой, объём — подробно.

Напиши письмо-претензию поставщику о бракованной партии Напиши письмо-претензию поставщику о бракованной партии Напиши письмо-претензию поставщику о бракованной партии Напиши письмо-претензию поставщику о бракованной партии Напиши письмо-претензию поставщику о бракованной партии Напиши письмо-претензию поставщику о бракованной партии Напиши письмо-претензию поставщику о бракованной партии",Генерация текста,Написание деловых писем,73279,39.98,2
8e911798,2024-03-25T05:42:00,user_017,"Построй scatter plot для анализа зависимости LTV от CAC 

Контекст: Работаю над проектом в сфере IT, команда из 10 человек. Срочность: средняя. Дополнительные требования: стиль — деловой, объём — подробно.

Построй scatter plot для анализа зависимости LTV от CAC Построй scatter plot для анализа зависимости LTV от CAC Построй scatter plot для анализа зависимости LTV от CAC Построй scatter plot для анализа зависимости LTV от CAC Построй scatter plot для анализа зависимости LTV от CAC Построй scatter plot для анализа зависимости LTV от CAC Построй scatter plot для анализа зависимости LTV от CAC Построй scatter plot для анализа зависимости LTV от CAC",Анализ данных,Визуализация данных,76549,34.41,2
d73cb26c,2024-03-25T15:34:00,user_028,"Переведи техническую документацию на английский язык 

Контекст: Работаю над проектом в сфере IT, команда из 10 человек. Срочность: средняя. Дополнительные требования: стиль — деловой, объём — подробно.

Переведи техническую документацию на английский язык Переведи техническую документацию на английский язык Переведи техническую документацию на английский язык Переведи техническую документацию на английский язык Переведи техническую документацию на английский язык Переведи техническую документацию на английский язык",Работа с документами,Обработка документов,86820,32.15,2
b26d9056,2024-03-26T11:02:00,user_019,"Проанализируй данные о продажах за последний квартал 

Контекст: Работаю над проектом в сфере IT, команда из 10 человек. Срочность: высокая. Дополнительные требования: стиль — деловой, объём — кратко.

Проанализируй данные о продажах за последний квартал Проанализируй данные о продажах за последний квартал Проанализируй данные о продажах за последний квартал Проанализируй данные о продажах за последний квартал Проанализируй данные о продажах за последний квартал Проанализируй данные о продажах за последний квартал Проанализируй данные о продажах за последний квартал",Анализ данных,Сбор аналитики,83425,44.05,1
55cd07cb,2024-03-26T12:00:00,user_042,"Проверь документ на соответствие стандартам компании 

Контекст: Работаю над проектом в сфере IT, команда из 10 человек. Срочность: средняя. Дополнительные требования: стиль — деловой, объём — кратко.

Проверь документ на соответствие стандартам компании Проверь документ на соответствие стандартам компании Проверь документ на соответствие стандартам компании Проверь документ на соответствие стандартам компании Проверь документ на соответствие стандартам компании",Работа с документами,Обработка документов,108261,30.28,3
a9959b8c,2024-03-26T16:14:00,user_018,"Визуализируй распределение клиентов по сегментам 

Контекст: Работаю над проектом в сфере IT, команда из 10 человек. Срочность: средняя. Дополнительные требования: стиль — деловой, объём — подробно.

Визуализируй распределение клиентов по сегментам Визуализируй распределение клиентов по сегментам Визуализируй распределение клиентов по сегментам",Анализ данных,Визуализация данных,111681,5.6,4
34e802e0,2024-03-26T18:06:00,user_030,"Извлеки ключевые данные из договора и заполни таблицу 

Контекст: Работаю над проектом в сфере IT, команда из 10 человек. Срочность: средняя. Дополнительные требования: стиль — деловой, объём — кратко.

Извлеки ключевые данные из договора и заполни таблицу Извлеки ключевые данные из договора и заполни таблицу Извлеки ключевые данные из договора и заполни таблицу Извлеки ключевые данные из договора и заполни таблицу Извлеки ключевые данные из договора и заполни таблицу",Работа с документами,Обработка документов,119950,38.83,
5a54b0ee,2024-03-27T02:54:00,user_013,"Какие метрики важно отслеживать для SaaS-продукта? 

Контекст: Работаю над проектом в сфере IT, команда из 10 человек. Срочность: средняя. Дополнительные требования: стиль — деловой, объём — кратко.

Какие метрики важно отслеживать для SaaS-продукта? Какие метрики важно отслеживать для SaaS-продукта? Какие метрики важно отслеживать для SaaS-продукта?",Обучение и онбординг,Стратегические вопросы,110374,10.9,2
ffc8721b,2024-03-27T16:18:00,user_005,"Составь резюме научной статьи для руководства 

Контекст: Работаю над проектом в сфере IT, команда из 10 человек. Срочность: высокая. Дополнительные требования: стиль — деловой, объём — подробно.

Составь резюме научной статьи для руководства Составь резюме научной статьи для руководства Составь резюме научной статьи для руководства Составь резюме научной статьи для руководства Составь резюме научной статьи для руководства Составь резюме научной статьи для руководства Составь резюме научной статьи для руководства Составь резюме научной статьи для руководства",Генерация текста,Генерация отчётов и резюме,120862,21.81,3
e7ee92e0,2024-03-27T20:43:00,user_040,"Создай CI/CD пайплайн для автоматического деплоя 

Контекст: Работаю над проектом в сфере IT, команда из 10 человек. Срочность: средняя. Дополнительные требования: стиль — деловой, объём — подробно.

Создай CI/CD пайплайн для автоматического деплоя Создай CI/CD пайплайн для автоматического деплоя Создай CI/CD пайплайн для автоматического деплоя Создай CI/CD пайплайн для автоматического деплоя Создай CI/CD пайплайн для автоматического деплоя Создай CI/CD пайплайн для автоматического деплоя Создай CI/CD пайплайн для автоматического деплоя Создай CI/CD пайплайн для автоматического деплоя",Написание кода,Разработка веб-приложений,139219,19.11,
c6625034,2024-03-27T23:49:00,user_034,"Создай тест для проверки знаний по информационной безопасности 

Контекст: Работаю над проектом в сфере IT, команда из 10 человек. Срочность: средняя. Дополнительные требования: стиль — деловой, объём — кратко.

Создай тест для проверки знаний по информационной безопасности Создай тест для проверки знаний по информационной безопасности Создай тест для проверки знаний по информационной безопасности Создай тест для проверки знаний по информационной безопасности Создай тест для проверки знаний по информационной безопасности",Обучение и онбординг,Обучение сотрудников,142589,43.71,5
6b356f67,2024-03-28T03:03:00,user_002,"Напиши REST API на FastAPI для управления пользователями 

Контекст: Работаю над проектом в сфере IT, команда из 10 человек. Срочность: средняя. Дополнительные требования: стиль — деловой, объём — кратко.

Напиши REST API на FastAPI для управления пользователями Напиши REST API на FastAPI для управления пользователями Напиши REST API на FastAPI для управления пользователями Напиши REST API на FastAPI для управления пользователями Напиши REST API на FastAPI для управления пользователями Напиши REST API на FastAPI для управления пользователями Напиши REST API на FastAPI для управления пользователями Напиши REST API на FastAPI для управления пользователями",Написание кода,Разработка веб-приложений,68503,17.34,3
99f2ea64,2024-03-28T03:58:00,user_026,"Проведи A/B-тестирование и оцени статистическую значимость 

Контекст: Работаю над проектом в сфере IT, команда из 10 человек. Срочность: средняя. Дополнительные требования: стиль — деловой, объём — кратко.

Проведи A/B-тестирование и оцени статистическую значимость Проведи A/B-тестирование и оцени статистическую значимость Проведи A/B-тестирование и оцени статистическую значимость Проведи A/B-тестирование и оцени статистическую значимость Проведи A/B-тестирование и оцени статистическую значимость Проведи A/B-тестирование и оцени статистическую значимость Проведи A/B-тестирование и оцени статистическую значимость",Анализ данных,Сбор аналитики,76362,27.49,1
eed656ae,2024-03-28T06:48:00,user_035,"Извлеки все даты и дедлайны из проектной документации 

Контекст: Работаю над проектом в сфере IT, команда из 10 человек. Срочность: высокая. Дополнительные требования: стиль — деловой, объём — подробно.

Извлеки все даты и дедлайны из проектной документации Извлеки все даты и дедлайны из проектной документации Извлеки все даты и дедлайны из проектной документации Извлеки все даты и дедлайны из проектной документации Извлеки все даты и дедлайны из проектной документации Извлеки все даты и дедлайны из проектной документации",Работа с документами,Обработка документов,122863,18.88,2
b3e75104,2024-03-28T13:08:00,user_024,"Создай дашборд с ключевыми метриками бизнеса 

Контекст: Работаю над проектом в сфере IT, команда из 10 человек. Срочность: средняя. Дополнительные требования: стиль — деловой, объём — кратко.

Создай дашборд с ключевыми метриками бизнеса Создай дашборд с ключевыми метриками бизнеса Создай дашборд с ключевыми метриками бизнеса Создай дашборд с ключевыми метриками бизнеса Создай дашборд с ключевыми метриками бизнеса Создай дашборд с ключевыми метриками бизнеса Создай дашборд с ключевыми метриками бизнеса Создай дашборд с ключевыми метриками бизнеса",Анализ данных,Визуализация данных,105841,32.29,3
8c3126d7,2024-03-28T18:58:00,user_014,"Напиши письмо-претензию поставщику о бракованной партии 

Контекст: Работаю над проектом в сфере IT, команда из 10 человек. Срочность: средняя. Дополнительные требования: стиль — деловой, объём — подробно.

Напиши письмо-претензию поставщику о бракованной партии Напиши письмо-претензию поставщику о бракованной партии Напиши письмо-претензию поставщику о бракованной партии",Генерация текста,Написание деловых писем,76250,44.72,2
78a9e1a6,2024-03-29T08:12:00,user_011,"Рефакторинг: разбей этот файл на модули 

Контекст: Работаю над проектом в сфере IT, команда из 10 человек. Срочность: высокая. Дополнительные требования: стиль — деловой, объём — подробно.

Рефакторинг: разбей этот файл на модули Рефакторинг: разбей этот файл на модули Рефакторинг: разбей этот файл на модули Рефакторинг: разбей этот файл на модули Рефакторинг: разбей этот файл на модули",Написание кода,Анализ и оптимизация кода,75431,20.57,3
ad32febe,2024-03-30T10:07:00,user_045,"Составь резюме встречи по итогам обсуждения 

Контекст: Работаю над проектом в сфере IT, команда из 10 человек. Срочность: средняя. Дополнительные требования: стиль — деловой, объём — подробно.

Составь резюме встречи по итогам обсуждения Составь резюме встречи по итогам обсуждения Составь резюме встречи по итогам обсуждения Составь резюме встречи по итогам обсуждения",Генерация текста,Генерация отчётов и резюме,136914,7.07,5
cc0912b4,2024-03-30T22:58:00,user_029,"Предскажи вероятность оттока для каждого клиента 

Контекст: Работаю над проектом в сфере IT, команда из 10 человек. Срочность: средняя. Дополнительные требования: стиль — деловой, объём — подробно.

Предскажи вероятность оттока для каждого клиента Предскажи вероятность оттока для каждого клиента Предскажи вероятность оттока для каждого клиента Предскажи вероятность оттока для каждого клиента Предскажи вероятность оттока для каждого клиента",Анализ данных,Прогнозирование,124538,40.62,2
71975980,2024-03-31T04:48:00,user_009,"Найди все письма с вложениями и опиши их содержимое 

Контекст: Работаю над проектом в сфере IT, команда из 10 человек. Срочность: средняя. Дополнительные требования: стиль — деловой, объём — подробно.

Найди все письма с вложениями и опиши их содержимое Найди все письма с вложениями и опиши их содержимое Найди все письма с вложениями и опиши их содержимое Найди все письма с вложениями и опиши их содержимое Найди все письма с вложениями и опиши их содержимое Найди все письма с вложениями и опиши их содержимое Найди все письма с вложениями и опиши их содержимое Найди все письма с вложениями и опиши их содержимое",Работа с документами,Мониторинг почты,85091,17.34,3
7c156b31,2024-04-01T11:04:00,user_015,"Переведи техническую документацию на английский язык 

Контекст: Работаю над проектом в сфере IT, команда из 10 человек. Срочность: высокая. Дополнительные требования: стиль — деловой, объём — подробно.

Переведи техническую документацию на английский язык Переведи техническую документацию на английский язык Переведи техническую документацию на английский язык Переведи техническую документацию на английский язык Переведи техническую документацию на английский язык Переведи техническую документацию на английский язык Переведи техническую документацию на английский язык Переведи техническую документацию на английский язык",Работа с документами,Обработка документов,86541,4.92,
083d4dba,2024-04-02T06:33:00,user_020,"Построй график динамики выручки по месяцам 

Контекст: Работаю над проектом в сфере IT, команда из 10 человек. Срочность: высокая. Дополнительные требования: стиль — деловой, объём — подробно.

Построй график динамики выручки по месяцам Построй график динамики выручки по месяцам Построй график динамики выручки по месяцам Построй график динамики выручки по месяцам Построй график динамики выручки по месяцам",Анализ данных,Визуализация данных,87244,5.85,
67d91f5e,2024-04-02T11:55:00,user_032,"Составь резюме встречи по итогам обсуждения 

Контекст: Работаю над проектом в сфере IT, команда из 10 человек. Срочность: средняя. Дополнительные требования: стиль — деловой, объём — кратко.

Составь резюме встречи по итогам обсуждения Составь резюме встречи по итогам обсуждения Составь резюме встречи по итогам обсуждения Составь резюме встречи по итогам обсуждения Составь резюме встречи по итогам обсуждения Составь резюме встречи по итогам обсуждения Составь резюме встречи по итогам обсуждения",Генерация текста,Генерация отчётов и резюме,134260,6.46,1
8bb9dcbb,2024-04-02T17:58:00,user_023,"Создай шаблон письма о плановых технических работах 

Контекст: Работаю над проектом в сфере IT, команда из 10 человек. Срочность: средняя. Дополнительные требования: стиль — деловой, объём — кратко.

Создай шаблон письма о плановых технических работах Создай шаблон письма о плановых технических работах Создай шаблон письма о плановых технических работах Создай шаблон письма о плановых технических работах Создай шаблон письма о плановых технических работах Создай шаблон письма о плановых технических работах Создай шаблон письма о плановых технических работах",Работа с клиентами,Поддержка клиентов,114205,32.05,1
80ac1fd1,2024-04-03T12:55:00,user_010,"Составь план переговоров с ключевым клиентом 

Контекст: Работаю над проектом в сфере IT, команда из 10 человек. Срочность: средняя. Дополнительные требования: стиль — деловой, объём — кратко.

Составь план переговоров с ключевым клиентом Составь план переговоров с ключевым клиентом Составь план переговоров с ключевым клиентом Составь план переговоров с ключевым клиентом Составь план переговоров с ключевым клиентом",Работа с клиентами,Продажи и переговоры,125957,27.5,3
9f71007a,2024-04-03T21:37:00,user_002,"Рефакторинг: разбей этот файл на модули 

Контекст: Работаю над проектом в сфере IT, команда из 10 человек. Срочность: высокая. Дополнительные требования: стиль — деловой, объём — кратко.

Рефакторинг: разбей этот файл на модули Рефакторинг: разбей этот файл на модули Рефакторинг: разбей этот файл на модули Рефакторинг: разбей этот файл на модули Рефакторинг: разбей этот файл на модули Рефакторинг: разбей этот файл на модули Рефакторинг: разбей этот файл на модули",Написание кода,Анализ и оптимизация кода,107256,25.98,3
ef1222eb,2024-04-05T23:53:00,user_047,"Обнови страницу Confluence с документацией API 

Контекст: Работаю над проектом в сфере IT, команда из 10 человек. Срочность: средняя. Дополнительные требования: стиль — деловой, объём — подробно.

Обнови страницу Confluence с документацией API Обнови страницу Confluence с документацией API Обнови страницу Confluence с документацией API Обнови страницу Confluence с документацией API Обнови страницу Confluence с документацией API Обнови страницу Confluence с документацией API Обнови страницу Confluence с документацией API",Работа с документами,Работа с Jira/Confluence,127300,11.6,4
d7090927,2024-04-06T00:57:00,user_032,"Напиши краткий отчёт о проделанной работе за неделю 

Контекст: Работаю над проектом в сфере IT, команда из 10 человек. Срочность: высокая. Дополнительные требования: стиль — деловой, объём — кратко.

Напиши краткий отчёт о проделанной работе за неделю Напиши краткий отчёт о проделанной работе за неделю Напиши краткий отчёт о проделанной работе за неделю Напиши краткий отчёт о проделанной работе за неделю Напиши краткий отчёт о проделанной работе за неделю Напиши краткий отчёт о проделанной работе за неделю",Генерация текста,Генерация отчётов и резюме,85459,10.04,5
29fc7d9a,2024-04-06T12:44:00,user_014,"Как организовать code review в команде из 15 человек? 

Контекст: Работаю над проектом в сфере IT, команда из 10 человек. Срочность: высокая. Дополнительные требования: стиль — деловой, объём — подробно.

Как организовать code review в команде из 15 человек? Как организовать code review в команде из 15 человек? Как организовать code review в команде из 15 человек? Как организовать code review в команде из 15 человек?",Обучение и онбординг,Стратегические вопросы,142994,29.71,3
f23b00fc,2024-04-07T06:19:00,user_033,"Напиши ответ на вопрос клиента о тарифах 

Контекст: Работаю над проектом в сфере IT, команда из 10 человек. Срочность: высокая. Дополнительные требования: стиль — деловой, объём — кратко.

Напиши ответ на вопрос клиента о тарифах Напиши ответ на вопрос клиента о тарифах Напиши ответ на вопрос клиента о тарифах Напиши ответ на вопрос клиента о тарифах Напиши ответ на вопрос клиента о тарифах",Работа с клиентами,Поддержка клиентов,124604,31.29,5
8e749117,2024-04-07T23:29:00,user_050,"Оптимизируй алгоритм сортировки для больших объёмов данных 

Контекст: Работаю над проектом в сфере IT, команда из 10 человек. Срочность: средняя. Дополнительные требования: стиль — деловой, объём — кратко.

Оптимизируй алгоритм сортировки для больших объёмов данных Оптимизируй алгоритм сортировки для больших объёмов данных Оптимизируй алгоритм сортировки для больших объёмов данных Оптимизируй алгоритм сортировки для больших объёмов данных Оптимизируй алгоритм сортировки для больших объёмов данных Оптимизируй алгоритм сортировки для больших объёмов данных Оптимизируй алгоритм сортировки для больших объёмов данных Оптимизируй алгоритм сортировки для больших объёмов данных",Написание кода,Анализ и оптимизация кода,94428,29.89,4
363f24ac,2024-04-08T00:23:00,user_019,"Напиши follow-up письмо после деловой встречи 

Контекст: Работаю над проектом в сфере IT, команда из 10 человек. Срочность: средняя. Дополнительные требования: стиль — деловой, объём — подробно.

Напиши follow-up письмо после деловой встречи Напиши follow-up письмо после деловой встречи Напиши follow-up письмо после деловой встречи Напиши follow-up письмо после деловой встречи",Работа с клиентами,Продажи и переговоры,105847,33.02,2
b944907f,2024-04-08T20:35:00,user_010,"Создай шаблон письма о плановых технических работах 

Контекст: Работаю над проектом в сфере IT, команда из 10 человек. Срочность: средняя. Дополнительные требования: стиль — деловой, объём — кратко.

Создай шаблон письма о плановых технических работах Создай шаблон письма о плановых технических работах Создай шаблон письма о плановых технических работах Создай шаблон письма о плановых технических работах Создай шаблон письма о плановых технических работах",Работа с клиентами,Поддержка клиентов,70844,27.32,2
b2f59e7c,2024-04-09T04:44:00,user_022,"Напиши WebSocket-сервер для чата в реальном времени 

Контекст: Работаю над проектом в сфере IT, команда из 10 человек. Срочность: средняя. Дополнительные требования: стиль — деловой, объём — подробно.

Напиши WebSocket-сервер для чата в реальном времени Напиши WebSocket-сервер для чата в реальном времени Напиши WebSocket-сервер для чата в реальном времени Напиши WebSocket-сервер для чата в реальном времени Напиши WebSocket-сервер для чата в реальном времени Напиши WebSocket-сервер для чата в реальном времени Напиши WebSocket-сервер для чата в реальном времени Напиши WebSocket-сервер для чата в реальном времени",Написание кода,Разработка веб-приложений,96163,25.54,
bff1b167,2024-04-09T11:42:00,user_050,"Напиши инструкцию для клиента по настройке интеграции 

Контекст: Работаю над проектом в сфере IT, команда из 10 человек. Срочность: средняя. Дополнительные требования: стиль — деловой, объём — подробно.

Напиши инструкцию для клиента по настройке интеграции Напиши инструкцию для клиента по настройке интеграции Напиши инструкцию для клиента по настройке интеграции Напиши инструкцию для клиента по настройке интеграции",Работа с клиентами,Поддержка клиентов,89380,22.75,4
abc43ab6,2024-04-10T15:24:00,user_023,"Составь резюме встречи по итогам обсуждения 

Контекст: Работаю над проектом в сфере IT, команда из 10 человек. Срочность: средняя. Дополнительные требования: стиль — деловой, объём — подробно.

Составь резюме встречи по итогам обсуждения Составь резюме встречи по итогам обсуждения Составь резюме встречи по итогам обсуждения Составь резюме встречи по итогам обсуждения Составь резюме встречи по итогам обсуждения Составь резюме встречи по итогам обсуждения Составь резюме встречи по итогам обсуждения",Генерация текста,Генерация отчётов и резюме,130799,31.21,1
64f598a5,2024-04-10T18:39:00,user_015,"Составь план миграции с монолита на микросервисы 

Контекст: Работаю над проектом в сфере IT, команда из 10 человек. Срочность: средняя. Дополнительные требования: стиль — деловой, объём — кратко.

Составь план миграции с монолита на микросервисы Составь план миграции с монолита на микросервисы Составь план миграции с монолита на микросервисы Составь план миграции с монолита на микросервисы Составь план миграции с монолита на микросервисы",Обучение и онбординг,Стратегические вопросы,68191,30.53,1
8e126295,2024-04-11T00:47:00,user_005,"Напиши текст для push-уведомления о новой акции 

Контекст: Работаю над проектом в сфере IT, команда из 10 человек. Срочность: средняя. Дополнительные требования: стиль — деловой, объём — кратко.

Напиши текст для push-уведомления о новой акции Напиши текст для push-уведомления о новой акции Напиши текст для push-уведомления о новой акции Напиши текст для push-уведомления о новой акции Напиши текст для push-уведомления о новой акции",Генерация текста,Создание маркетинговых текстов,145158,33.92,5
db9b0c98,2024-04-11T11:59:00,user_003,"Проверь входящие и составь краткую сводку важных писем 

Контекст: Работаю над проектом в сфере IT, команда из 10 человек. Срочность: высокая. Дополнительные требования: стиль — деловой, объём — кратко.

Проверь входящие и составь краткую сводку важных писем Проверь входящие и составь краткую сводку важных писем Проверь входящие и составь краткую сводку важных писем Проверь входящие и составь краткую сводку важных писем Проверь входящие и составь краткую сводку важных писем Проверь входящие и составь краткую сводку важных писем Проверь входящие и составь краткую сводку важных писем",Работа с документами,Мониторинг почты,102500,11.98,5
32118bab,2024-04-11T16:58:00,user_008,"Составь черновик ответа на письмо от инвестора 

Контекст: Работаю над проектом в сфере IT, команда из 10 человек. Срочность: средняя. Дополнительные требования: стиль — деловой, объём — подробно.

Составь черновик ответа на письмо от инвестора Составь черновик ответа на письмо от инвестора Составь черновик ответа на письмо от инвестора Составь черновик ответа на письмо от инвестора Составь черновик ответа на письмо от инвестора",Работа с документами,Мониторинг почты,144639,33.91,3
1cb7f7c6,2024-04-11T21:53:00,user_005,"Перепиши этот код с использованием паттерна Repository 

Контекст: Работаю над проектом в сфере IT, команда из 10 человек. Срочность: средняя. Дополнительные требования: стиль — деловой, объём — подробно.

Перепиши этот код с использованием паттерна Repository Перепиши этот код с использованием паттерна Repository Перепиши этот код с использованием паттерна Repository Перепиши этот код с использованием паттерна Repository Перепиши этот код с использованием паттерна Repository Перепиши этот код с использованием паттерна Repository",Написание кода,Анализ и оптимизация кода,81845,33.04,4
e99aae7c,2024-04-12T11:04:00,user_049,"Составь отчёт о непрочитанных письмах за день 

Контекст: Работаю над проектом в сфере IT, команда из 10 человек. Срочность: средняя. Дополнительные требования: стиль — деловой, объём — кратко.

Составь отчёт о непрочитанных письмах за день Составь отчёт о непрочитанных письмах за день Составь отчёт о непрочитанных письмах за день Составь отчёт о непрочитанных письмах за день",Работа с документами,Мониторинг почты,149876,4.23,
fdd503c4,2024-04-12T16:13:00,user_010,"Создай рекламный слоган для нового сервиса 

Контекст: Работаю над проектом в сфере IT, команда из 10 человек. Срочность: средняя. Дополнительные требования: стиль — деловой, объём — кратко.

Создай рекламный слоган для нового сервиса Создай рекламный слоган для нового сервиса Создай рекламный слоган для нового сервиса Создай рекламный слоган для нового сервиса Создай рекламный слоган для нового сервиса",Генерация текста,Создание маркетинговых текстов,107312,17.03,5
1cf89a49,2024-04-13T01:13:00,user_010,"Проверь входящие и составь краткую сводку важных писем 

Контекст: Работаю над проектом в сфере IT, команда из 10 человек. Срочность: средняя. Дополнительные требования: стиль — деловой, объём — подробно.

Проверь входящие и составь краткую сводку важных писем Проверь входящие и составь краткую сводку важных писем Проверь входящие и составь краткую сводку важных писем Проверь входящие и составь краткую сводку важных писем Проверь входящие и составь краткую сводку важных писем",Работа с документами,Мониторинг почты,114321,31.09,
67b72637,2024-04-13T05:25:00,user_040,"Напиши unit-тесты для этого сервиса 

Контекст: Работаю над проектом в сфере IT, команда из 10 человек. Срочность: средняя. Дополнительные требования: стиль — деловой, объём — кратко.

Напиши unit-тесты для этого сервиса Напиши unit-тесты для этого сервиса Напиши unit-тесты для этого сервиса Напиши unit-тесты для этого сервиса Напиши unit-тесты для этого сервиса Напиши unit-тесты для этого сервиса",Написание кода,Анализ и оптимизация кода,112760,31.63,4
ee10d3eb,2024-04-13T09:44:00,user_016,"Найди и исправь memory leak в этом приложении 

Контекст: Работаю над проектом в сфере IT, команда из 10 человек. Срочность: средняя. Дополнительные требования: стиль — деловой, объём — кратко.

Найди и исправь memory leak в этом приложении Найди и исправь memory leak в этом приложении Найди и исправь memory leak в этом приложении Найди и исправь memory leak в этом приложении",Написание кода,Анализ и оптимизация кода,56144,6.77,5
91cee89a,2024-04-14T00:12:00,user_012,"Объясни архитектуру нашего проекта новому разработчику 

Контекст: Работаю над проектом в сфере IT, команда из 10 человек. Срочность: средняя. Дополнительные требования: стиль — деловой, объём — подробно.

Объясни архитектуру нашего проекта новому разработчику Объясни архитектуру нашего проекта новому разработчику Объясни архитектуру нашего проекта новому разработчику Объясни архитектуру нашего проекта новому разработчику",Обучение и онбординг,Обучение сотрудников,140197,15.86,1
caf28531,2024-04-14T04:25:00,user_014,"Найди корреляцию между маркетинговыми расходами и продажами 

Контекст: Работаю над проектом в сфере IT, команда из 10 человек. Срочность: высокая. Дополнительные требования: стиль — деловой, объём — подробно.

Найди корреляцию между маркетинговыми расходами и продажами Найди корреляцию между маркетинговыми расходами и продажами Найди корреляцию между маркетинговыми расходами и продажами Найди корреляцию между маркетинговыми расходами и продажами",Анализ данных,Сбор аналитики,122945,41.23,1
f0a1875b,2024-04-14T11:32:00,user_005,"Создай тест для проверки знаний по информационной безопасности 

Контекст: Работаю над проектом в сфере IT, команда из 10 человек. Срочность: средняя. Дополнительные требования: стиль — деловой, объём — подробно.

Создай тест для проверки знаний по информационной безопасности Создай тест для проверки знаний по информационной безопасности Создай тест для проверки знаний по информационной безопасности Создай тест для проверки знаний по информационной безопасности Создай тест для проверки знаний по информационной безопасности",Обучение и онбординг,Обучение сотрудников,109855,8.95,2
ad211796,2024-04-15T04:33:00,user_020,"Построй график динамики выручки по месяцам 

Контекст: Работаю над проектом в сфере IT, команда из 10 человек. Срочность: высокая. Дополнительные требования: стиль — деловой, объём — подробно.

Построй график динамики выручки по месяцам Построй график динамики выручки по месяцам Построй график динамики выручки по месяцам Построй график динамики выручки по месяцам Построй график динамики выручки по месяцам Построй график динамики выручки по месяцам Построй график динамики выручки по месяцам Построй график динамики выручки по месяцам",Анализ данных,Визуализация данных,111041,5.51,2
b08fdfd6,2024-04-15T06:16:00,user_009,"Напиши деловое письмо партнёру о переносе сроков проекта 

Контекст: Работаю над проектом в сфере IT, команда из 10 человек. Срочность: высокая. Дополнительные требования: стиль — деловой, объём — кратко.

Напиши деловое письмо партнёру о переносе сроков проекта Напиши деловое письмо партнёру о переносе сроков проекта Напиши деловое письмо партнёру о переносе сроков проекта Напиши деловое письмо партнёру о переносе сроков проекта Напиши деловое письмо партнёру о переносе сроков проекта",Генерация текста,Написание деловых писем,112055,39.55,
d212855a,2024-04-15T10:44:00,user_018,"Проведи когортный анализ пользователей нашего сервиса 

Контекст: Работаю над проектом в сфере IT, команда из 10 человек. Срочность: средняя. Дополнительные требования: стиль — деловой, объём — кратко.

Проведи когортный анализ пользователей нашего сервиса Проведи когортный анализ пользователей нашего сервиса Проведи когортный анализ пользователей нашего сервиса Проведи когортный анализ пользователей нашего сервиса Проведи когортный анализ пользователей нашего сервиса Проведи когортный анализ пользователей нашего сервиса Проведи когортный анализ пользователей нашего сервиса Проведи когортный анализ пользователей нашего сервиса",Анализ данных,Сбор аналитики,99200,24.14,2
5c0f6645,2024-04-15T12:32:00,user_034,"Оцени риски перехода на новую технологию 

Контекст: Работаю над проектом в сфере IT, команда из 10 человек. Срочность: высокая. Дополнительные требования: стиль — деловой, объём — подробно.

Оцени риски перехода на новую технологию Оцени риски перехода на новую технологию Оцени риски перехода на новую технологию",Обучение и онбординг,Стратегические вопросы,106668,38.31,
70ba76e5,2024-04-15T12:45:00,user_048,"Напиши письмо-претензию поставщику о бракованной партии 

Контекст: Работаю над проектом в сфере IT, команда из 10 человек. Срочность: средняя. Дополнительные требования: стиль — деловой, объём — кратко.

Напиши письмо-претензию поставщику о бракованной партии Напиши письмо-претензию поставщику о бракованной партии Напиши письмо-претензию поставщику о бракованной партии Напиши письмо-претензию поставщику о бракованной партии",Генерация текста,Написание деловых писем,58434,12.23,1
55717d6e,2024-04-15T15:16:00,user_025,"Напиши текст для push-уведомления о новой акции 

Контекст: Работаю над проектом в сфере IT, команда из 10 человек. Срочность: средняя. Дополнительные требования: стиль — деловой, объём — кратко.

Напиши текст для push-уведомления о новой акции Напиши текст для push-уведомления о новой акции Напиши текст для push-уведомления о новой акции Напиши текст для push-уведомления о новой акции Напиши текст для push-уведомления о новой акции Напиши текст для push-уведомления о новой акции Напиши текст для push-уведомления о новой акции Напиши текст для push-уведомления о новой акции",Генерация текста,Создание маркетинговых текстов,108562,28.1,4
af73cd5f,2024-04-16T00:32:00,user_006,"Создай рекламный слоган для нового сервиса 

Контекст: Работаю над проектом в сфере IT, команда из 10 человек. Срочность: средняя. Дополнительные требования: стиль — деловой, объём — кратко.

Создай рекламный слоган для нового сервиса Создай рекламный слоган для нового сервиса Создай рекламный слоган для нового сервиса Создай рекламный слоган для нового сервиса Создай рекламный слоган для нового сервиса Создай рекламный слоган для нового сервиса Создай рекламный слоган для нового сервиса Создай рекламный слоган для нового сервиса",Генерация текста,Создание маркетинговых текстов,114034,25.3,3
dd6e3a55,2024-04-16T10:40:00,user_043,"Что такое Kubernetes и когда его использовать? 

Контекст: Работаю над проектом в сфере IT, команда из 10 человек. Срочность: высокая. Дополнительные требования: стиль — деловой, объём — подробно.

Что такое Kubernetes и когда его использовать? Что такое Kubernetes и когда его использовать? Что такое Kubernetes и когда его использовать? Что такое Kubernetes и когда его использовать? Что такое Kubernetes и когда его использовать? Что такое Kubernetes и когда его использовать? Что такое Kubernetes и когда его использовать?",Обучение и онбординг,Технические вопросы,85931,34.99,5
43d1f80e,2024-04-17T06:21:00,user_012,"Составь пост для соцсетей о новой функции 

Контекст: Работаю над проектом в сфере IT, команда из 10 человек. Срочность: средняя. Дополнительные требования: стиль — деловой, объём — подробно.

Составь пост для соцсетей о новой функции Составь пост для соцсетей о новой функции Составь пост для соцсетей о новой функции Составь пост для соцсетей о новой функции",Генерация текста,Создание маркетинговых текстов,149048,25.21,4
e5bb607b,2024-04-17T10:05:00,user_021,"Напиши follow-up письмо после деловой встречи 

Контекст: Работаю над проектом в сфере IT, команда из 10 человек. Срочность: средняя. Дополнительные требования: стиль — деловой, объём — подробно.

Напиши follow-up письмо после деловой встречи Напиши follow-up письмо после деловой встречи Напиши follow-up письмо после деловой встречи Напиши follow-up письмо после деловой встречи",Работа с клиентами,Продажи и переговоры,129147,21.15,3
a7c803f0,2024-04-17T18:22:00,user_048,"Составь деловое письмо о расторжении договора 

Контекст: Работаю над проектом в сфере IT, команда из 10 человек. Срочность: средняя. Дополнительные требования: стиль — деловой, объём — подробно.

Составь деловое письмо о расторжении договора Составь деловое письмо о расторжении договора Составь деловое письмо о расторжении договора Составь деловое письмо о расторжении договора Составь деловое письмо о расторжении договора Составь деловое письмо о расторжении договора Составь деловое письмо о расторжении договора",Генерация текста,Написание деловых писем,82389,23.61,2
2158f16e,2024-04-17T22:23:00,user_003,"Составь аргументы для переговоров о скидке 

Контекст: Работаю над проектом в сфере IT, команда из 10 человек. Срочность: средняя. Дополнительные требования: стиль — деловой, объём — кратко.

Составь аргументы для переговоров о скидке Составь аргументы для переговоров о скидке Составь аргументы для переговоров о скидке Составь аргументы для переговоров о скидке Составь аргументы для переговоров о скидке Составь аргументы для переговоров о скидке Составь аргументы для переговоров о скидке",Работа с клиентами,Продажи и переговоры,109027,34.47,4
58181c6f,2024-04-18T00:05:00,user_045,"Рефакторинг: разбей этот файл на модули 

Контекст: Работаю над проектом в сфере IT, команда из 10 человек. Срочность: средняя. Дополнительные требования: стиль — деловой, объём — кратко.

Рефакторинг: разбей этот файл на модули Рефакторинг: разбей этот файл на модули Рефакторинг: разбей этот файл на модули",Написание кода,Анализ и оптимизация кода,106868,31.3,2
74f4e245,2024-04-18T11:00:00,user_029,"Создай шаблон документации для нового микросервиса 

Контекст: Работаю над проектом в сфере IT, команда из 10 человек. Срочность: высокая. Дополнительные требования: стиль — деловой, объём — подробно.

Создай шаблон документации для нового микросервиса Создай шаблон документации для нового микросервиса Создай шаблон документации для нового микросервиса Создай шаблон документации для нового микросервиса Создай шаблон документации для нового микросервиса Создай шаблон документации для нового микросервиса",Работа с документами,Работа с Jira/Confluence,82270,16.96,
eee72e6b,2024-04-18T11:15:00,user_041,"Напиши благодарственное письмо клиенту за долгосрочное партнёрство 

Контекст: Работаю над проектом в сфере IT, команда из 10 человек. Срочность: средняя. Дополнительные требования: стиль — деловой, объём — подробно.

Напиши благодарственное письмо клиенту за долгосрочное партнёрство Напиши благодарственное письмо клиенту за долгосрочное партнёрство Напиши благодарственное письмо клиенту за долгосрочное партнёрство Напиши благодарственное письмо клиенту за долгосрочное партнёрство Напиши благодарственное письмо клиенту за долгосрочное партнёрство Напиши благодарственное письмо клиенту за долгосрочное партнёрство Напиши благодарственное письмо клиенту за долгосрочное партнёрство",Генерация текста,Написание деловых писем,102322,20.15,
9a936267,2024-04-18T15:21:00,user_025,"Напиши follow-up письмо после деловой встречи 

Контекст: Работаю над проектом в сфере IT, команда из 10 человек. Срочность: средняя. Дополнительные требования: стиль — деловой, объём — кратко.

Напиши follow-up письмо после деловой встречи Напиши follow-up письмо после деловой встречи Напиши follow-up письмо после деловой встречи Напиши follow-up письмо после деловой встречи Напиши follow-up письмо после деловой встречи",Работа с клиентами,Продажи и переговоры,54271,40.9,3
387c5457,2024-04-18T17:29:00,user_027,"Обнови retro-документ по итогам спринта 

Контекст: Работаю над проектом в сфере IT, команда из 10 человек. Срочность: высокая. Дополнительные требования: стиль — деловой, объём — кратко.

Обнови retro-документ по итогам спринта Обнови retro-документ по итогам спринта Обнови retro-документ по итогам спринта Обнови retro-документ по итогам спринта Обнови retro-документ по итогам спринта Обнови retro-документ по итогам спринта",Работа с документами,Работа с Jira/Confluence,134178,31.91,1
3ef18f10,2024-04-19T10:00:00,user_009,"Спрогнозируй бюджет проекта на основе текущих трендов 

Контекст: Работаю над проектом в сфере IT, команда из 10 человек. Срочность: средняя. Дополнительные требования: стиль — деловой, объём — подробно.

Спрогнозируй бюджет проекта на основе текущих трендов Спрогнозируй бюджет проекта на основе текущих трендов Спрогнозируй бюджет проекта на основе текущих трендов",Анализ данных,Прогнозирование,127918,29.33,1
8281ba8b,2024-04-19T11:42:00,user_050,"Составь резюме встречи по итогам обсуждения 

Контекст: Работаю над проектом в сфере IT, команда из 10 человек. Срочность: средняя. Дополнительные требования: стиль — деловой, объём — подробно.

Составь резюме встречи по итогам обсуждения Составь резюме встречи по итогам обсуждения Составь резюме встречи по итогам обсуждения Составь резюме встречи по итогам обсуждения Составь резюме встречи по итогам обсуждения Составь резюме встречи по итогам обсуждения Составь резюме встречи по итогам обсуждения",Генерация текста,Генерация отчётов и резюме,123698,10.28,
511d6733,2024-04-19T13:02:00,user_036,"Составь план переговоров с ключевым клиентом 

Контекст: Работаю над проектом в сфере IT, команда из 10 человек. Срочность: средняя. Дополнительные требования: стиль — деловой, объём — подробно.

Составь план переговоров с ключевым клиентом Составь план переговоров с ключевым клиентом Составь план переговоров с ключевым клиентом Составь план переговоров с ключевым клиентом Составь план переговоров с ключевым клиентом Составь план переговоров с ключевым клиентом Составь план переговоров с ключевым клиентом",Работа с клиентами,Продажи и переговоры,127616,40.16,
5989813e,2024-04-19T20:06:00,user_009,"Составь ответ на жалобу клиента о задержке доставки 

Контекст: Работаю над проектом в сфере IT, команда из 10 человек. Срочность: средняя. Дополнительные требования: стиль — деловой, объём — подробно.

Составь ответ на жалобу клиента о задержке доставки Составь ответ на жалобу клиента о задержке доставки Составь ответ на жалобу клиента о задержке доставки",Работа с клиентами,Поддержка клиентов,76133,30.53,4
4af7e33c,2024-04-20T07:26:00,user_028,"Проведи RFM-сегментацию клиентов 

Контекст: Работаю над проектом в сфере IT, команда из 10 человек. Срочность: высокая. Дополнительные требования: стиль — деловой, объём — подробно.

Проведи RFM-сегментацию клиентов Проведи RFM-сегментацию клиентов Проведи RFM-сегментацию клиентов Проведи RFM-сегментацию клиентов Проведи RFM-сегментацию клиентов",Анализ данных,Сбор аналитики,100257,16.4,3
d080448e,2024-04-20T17:49:00,user_023,"Напиши описание для bug report в Jira 

Контекст: Работаю над проектом в сфере IT, команда из 10 человек. Срочность: средняя. Дополнительные требования: стиль — деловой, объём — кратко.

Напиши описание для bug report в Jira Напиши описание для bug report в Jira Напиши описание для bug report в Jira Напиши описание для bug report в Jira Напиши описание для bug report в Jira Напиши описание для bug report в Jira",Работа с документами,Работа с Jira/Confluence,101025,5.18,2
1be2552b,2024-04-21T03:15:00,user_049,"Создай шаблон документации для нового микросервиса 

Контекст: Работаю над проектом в сфере IT, команда из 10 человек. Срочность: высокая. Дополнительные требования: стиль — деловой, объём — кратко.

Создай шаблон документации для нового микросервиса Создай шаблон документации для нового микросервиса Создай шаблон документации для нового микросервиса",Работа с документами,Работа с Jira/Confluence,96779,42.92,2
521f737e,2024-04-21T04:12:00,user_030,"Визуализируй распределение клиентов по сегментам 

Контекст: Работаю над проектом в сфере IT, команда из 10 человек. Срочность: высокая. Дополнительные требования: стиль — деловой, объём — подробно.

Визуализируй распределение клиентов по сегментам Визуализируй распределение клиентов по сегментам Визуализируй распределение клиентов по сегментам Визуализируй распределение клиентов по сегментам Визуализируй распределение клиентов по сегментам Визуализируй распределение клиентов по сегментам Визуализируй распределение клиентов по сегментам",Анализ данных,Визуализация данных,77535,13.36,4
57720cb3,2024-04-21T06:43:00,user_047,"Подготовь материалы для тренинга по работе с клиентами 

Контекст: Работаю над проектом в сфере IT, команда из 10 человек. Срочность: средняя. Дополнительные требования: стиль — деловой, объём — подробно.

Подготовь материалы для тренинга по работе с клиентами Подготовь материалы для тренинга по работе с клиентами Подготовь материалы для тренинга по работе с клиентами Подготовь материалы для тренинга по работе с клиентами",Обучение и онбординг,Обучение сотрудников,91303,9.26,
63daa848,2024-04-22T06:44:00,user_042,"Напиши инструкцию для клиента по настройке интеграции 

Контекст: Работаю над проектом в сфере IT, команда из 10 человек. Срочность: средняя. Дополнительные требования: стиль — деловой, объём — подробно.

Напиши инструкцию для клиента по настройке интеграции Напиши инструкцию для клиента по настройке интеграции Напиши инструкцию для клиента по настройке интеграции Напиши инструкцию для клиента по настройке интеграции Напиши инструкцию для клиента по настройке интеграции Напиши инструкцию для клиента по настройке интеграции Напиши инструкцию для клиента по настройке интеграции Напиши инструкцию для клиента по настройке интеграции",Работа с клиентами,Поддержка клиентов,61395,24.1,4
9327632d,2024-04-23T06:06:00,user_046,"Построй прогноз выручки на следующий квартал 

Контекст: Работаю над проектом в сфере IT, команда из 10 человек. Срочность: средняя. Дополнительные требования: стиль — деловой, объём — подробно.

Построй прогноз выручки на следующий квартал Построй прогноз выручки на следующий квартал Построй прогноз выручки на следующий квартал",Анализ данных,Прогнозирование,139157,30.73,3
3d271571,2024-04-23T07:44:00,user_017,"Объясни принципы работы нашей CI/CD трубы 

Контекст: Работаю над проектом в сфере IT, команда из 10 человек. Срочность: средняя. Дополнительные требования: стиль — деловой, объём — подробно.

Объясни принципы работы нашей CI/CD трубы Объясни принципы работы нашей CI/CD трубы Объясни принципы работы нашей CI/CD трубы Объясни принципы работы нашей CI/CD трубы Объясни принципы работы нашей CI/CD трубы Объясни принципы работы нашей CI/CD трубы Объясни принципы работы нашей CI/CD трубы Объясни принципы работы нашей CI/CD трубы",Обучение и онбординг,Обучение сотрудников,107880,38.48,3
c32ac6f2,2024-04-23T17:46:00,user_034,"Составь техническое задание на разработку мобильного приложения 

Контекст: Работаю над проектом в сфере IT, команда из 10 человек. Срочность: средняя. Дополнительные требования: стиль — деловой, объём — подробно.

Составь техническое задание на разработку мобильного приложения Составь техническое задание на разработку мобильного приложения Составь техническое задание на разработку мобильного приложения Составь техническое задание на разработку мобильного приложения Составь техническое задание на разработку мобильного приложения Составь техническое задание на разработку мобильного приложения",Обучение и онбординг,Стратегические вопросы,57234,20.26,1
a3b5fe23,2024-04-23T23:16:00,user_023,"Проверь входящие и составь краткую сводку важных писем 

Контекст: Работаю над проектом в сфере IT, команда из 10 человек. Срочность: средняя. Дополнительные требования: стиль — деловой, объём — кратко.

Проверь входящие и составь краткую сводку важных писем Проверь входящие и составь краткую сводку важных писем Проверь входящие и составь краткую сводку важных писем",Работа с документами,Мониторинг почты,138083,39.38,3
926594b9,2024-04-24T01:14:00,user_045,"Составь черновик ответа на письмо от инвестора 

Контекст: Работаю над проектом в сфере IT, команда из 10 человек. Срочность: средняя. Дополнительные требования: стиль — деловой, объём — подробно.

Составь черновик ответа на письмо от инвестора Составь черновик ответа на письмо от инвестора Составь черновик ответа на письмо от инвестора Составь черновик ответа на письмо от инвестора Составь черновик ответа на письмо от инвестора Составь черновик ответа на письмо от инвестора Составь черновик ответа на письмо от инвестора Составь черновик ответа на письмо от инвестора",Работа с документами,Мониторинг почты,67065,32.6,
9cfa8428,2024-04-25T06:30:00,user_030,"Создай скрипт для автоматического парсинга новостных сайтов 

Контекст: Работаю над проектом в сфере IT, команда из 10 человек. Срочность: средняя. Дополнительные требования: стиль — деловой, объём — подробно.

Создай скрипт для автоматического парсинга новостных сайтов Создай скрипт для автоматического парсинга новостных сайтов Создай скрипт для автоматического парсинга новостных сайтов Создай скрипт для автоматического парсинга новостных сайтов Создай скрипт для автоматического парсинга новостных сайтов",Написание кода,Автоматизация рутины,57543,17.85,2
5ed90f5b,2024-04-25T13:32:00,user_047,"Обнови страницу Confluence с документацией API 

Контекст: Работаю над проектом в сфере IT, команда из 10 человек. Срочность: средняя. Дополнительные требования: стиль — деловой, объём — кратко.

Обнови страницу Confluence с документацией API Обнови страницу Confluence с документацией API Обнови страницу Confluence с документацией API Обнови страницу Confluence с документацией API Обнови страницу Confluence с документацией API Обнови страницу Confluence с документацией API Обнови страницу Confluence с документацией API",Работа с документами,Работа с Jira/Confluence,50670,24.73,1
2efba67f,2024-04-25T17:59:00,user_044,"Создай рекламный слоган для нового сервиса 

Контекст: Работаю над проектом в сфере IT, команда из 10 человек. Срочность: средняя. Дополнительные требования: стиль — деловой, объём — подробно.

Создай рекламный слоган для нового сервиса Создай рекламный слоган для нового сервиса Создай рекламный слоган для нового сервиса Создай рекламный слоган для нового сервиса Создай рекламный слоган для нового сервиса Создай рекламный слоган для нового сервиса",Генерация текста,Создание маркетинговых текстов,145081,30.99,5
f7473c9e,2024-04-25T18:02:00,user_020,"Напиши программу для конвертации документов из PDF в Word 

Контекст: Работаю над проектом в сфере IT, команда из 10 человек. Срочность: средняя. Дополнительные требования: стиль — деловой, объём — кратко.

Напиши программу для конвертации документов из PDF в Word Напиши программу для конвертации документов из PDF в Word Напиши программу для конвертации документов из PDF в Word",Написание кода,Автоматизация рутины,72425,17.6,2
8294610f,2024-04-26T00:09:00,user_049,"Составь план миграции с монолита на микросервисы 

Контекст: Работаю над проектом в сфере IT, команда из 10 человек. Срочность: средняя. Дополнительные требования: стиль — деловой, объём — кратко.

Составь план миграции с монолита на микросервисы Составь план миграции с монолита на микросервисы Составь план миграции с монолита на микросервисы Составь план миграции с монолита на микросервисы Составь план миграции с монолита на микросервисы Составь план миграции с монолита на микросервисы Составь план миграции с монолита на микросервисы Составь план миграции с монолита на микросервисы",Обучение и онбординг,Стратегические вопросы,127199,16.59,1
df527d52,2024-04-26T13:18:00,user_006,"Найди корреляцию между маркетинговыми расходами и продажами 

Контекст: Работаю над проектом в сфере IT, команда из 10 человек. Срочность: средняя. Дополнительные требования: стиль — деловой, объём — подробно.

Найди корреляцию между маркетинговыми расходами и продажами Найди корреляцию между маркетинговыми расходами и продажами Найди корреляцию между маркетинговыми расходами и продажами Найди корреляцию между маркетинговыми расходами и продажами Найди корреляцию между маркетинговыми расходами и продажами",Анализ данных,Сбор аналитики,146386,22.87,2
a6c74558,2024-04-26T16:08:00,user_028,"Напиши ответ на вопрос клиента о тарифах 

Контекст: Работаю над проектом в сфере IT, команда из 10 человек. Срочность: высокая. Дополнительные требования: стиль — деловой, объём — кратко.

Напиши ответ на вопрос клиента о тарифах Напиши ответ на вопрос клиента о тарифах Напиши ответ на вопрос клиента о тарифах Напиши ответ на вопрос клиента о тарифах Напиши ответ на вопрос клиента о тарифах Напиши ответ на вопрос клиента о тарифах Напиши ответ на вопрос клиента о тарифах",Работа с клиентами,Поддержка клиентов,59242,44.55,5
6c140a6e,2024-04-26T22:18:00,user_028,"Что такое Kubernetes и когда его использовать? 

Контекст: Работаю над проектом в сфере IT, команда из 10 человек. Срочность: средняя. Дополнительные требования: стиль — деловой, объём — подробно.

Что такое Kubernetes и когда его использовать? Что такое Kubernetes и когда его использовать? Что такое Kubernetes и когда его использовать? Что такое Kubernetes и когда его использовать? Что такое Kubernetes и когда его использовать? Что такое Kubernetes и когда его использовать? Что такое Kubernetes и когда его использовать?",Обучение и онбординг,Технические вопросы,77609,26.82,3
90995828,2024-04-27T14:41:00,user_013,"Обнови страницу Confluence с документацией API 

Контекст: Работаю над проектом в сфере IT, команда из 10 человек. Срочность: средняя. Дополнительные требования: стиль — деловой, объём — кратко.

Обнови страницу Confluence с документацией API Обнови страницу Confluence с документацией API Обнови страницу Confluence с документацией API Обнови страницу Confluence с документацией API Обнови страницу Confluence с документацией API Обнови страницу Confluence с документацией API Обнови страницу Confluence с документацией API",Работа с документами,Работа с Jira/Confluence,132143,9.11,3
f45b851f,2024-04-27T15:14:00,user_023,"Проведи code review этого модуля и найди уязвимости 

Контекст: Работаю над проектом в сфере IT, команда из 10 человек. Срочность: средняя. Дополнительные требования: стиль — деловой, объём — подробно.

Проведи code review этого модуля и найди уязвимости Проведи code review этого модуля и найди уязвимости Проведи code review этого модуля и найди уязвимости Проведи code review этого модуля и найди уязвимости",Написание кода,Анализ и оптимизация кода,107099,28.07,
fbe68265,2024-04-28T17:32:00,user_040,"Напиши краткий отчёт о проделанной работе за неделю 

Контекст: Работаю над проектом в сфере IT, команда из 10 человек. Срочность: высокая. Дополнительные требования: стиль — деловой, объём — кратко.

Напиши краткий отчёт о проделанной работе за неделю Напиши краткий отчёт о проделанной работе за неделю Напиши краткий отчёт о проделанной работе за неделю",Генерация текста,Генерация отчётов и резюме,105438,11.39,
46d1859b,2024-04-28T19:46:00,user_008,"Подготовь материалы для тренинга по работе с клиентами 

Контекст: Работаю над проектом в сфере IT, команда из 10 человек. Срочность: средняя. Дополнительные требования: стиль — деловой, объём — кратко.

Подготовь материалы для тренинга по работе с клиентами Подготовь материалы для тренинга по работе с клиентами Подготовь материалы для тренинга по работе с клиентами Подготовь материалы для тренинга по работе с клиентами Подготовь материалы для тренинга по работе с клиентами Подготовь материалы для тренинга по работе с клиентами",Обучение и онбординг,Обучение сотрудников,66494,38.4,4
972dbacf,2024-04-29T00:17:00,user_028,"Напиши благодарственное письмо клиенту за долгосрочное партнёрство 

Контекст: Работаю над проектом в сфере IT, команда из 10 человек. Срочность: высокая. Дополнительные требования: стиль — деловой, объём — подробно.

Напиши благодарственное письмо клиенту за долгосрочное партнёрство Напиши благодарственное письмо клиенту за долгосрочное партнёрство Напиши благодарственное письмо клиенту за долгосрочное партнёрство Напиши благодарственное письмо клиенту за долгосрочное партнёрство Напиши благодарственное письмо клиенту за долгосрочное партнёрство",Генерация текста,Написание деловых писем,57831,8.52,1
77e62fb6,2024-04-29T19:55:00,user_011,"Напиши текст для push-уведомления о новой акции 

Контекст: Работаю над проектом в сфере IT, команда из 10 человек. Срочность: высокая. Дополнительные требования: стиль — деловой, объём — кратко.

Напиши текст для push-уведомления о новой акции Напиши текст для push-уведомления о новой акции Напиши текст для push-уведомления о новой акции Напиши текст для push-уведомления о новой акции Напиши текст для push-уведомления о новой акции Напиши текст для push-уведомления о новой акции Напиши текст для push-уведомления о новой акции Напиши текст для push-уведомления о новой акции",Генерация текста,Создание маркетинговых текстов,86510,9.53,4
c4d68edf,2024-04-30T10:04:00,user_045,"Проанализируй воронку конверсии на сайте 

Контекст: Работаю над проектом в сфере IT, команда из 10 человек. Срочность: средняя. Дополнительные требования: стиль — деловой, объём — подробно.

Проанализируй воронку конверсии на сайте Проанализируй воронку конверсии на сайте Проанализируй воронку конверсии на сайте",Анализ данных,Сбор аналитики,89500,36.02,
5303d122,2024-04-30T12:46:00,user_015,"Исправь race condition в многопоточном коде 

Контекст: Работаю над проектом в сфере IT, команда из 10 человек. Срочность: средняя. Дополнительные требования: стиль — деловой, объём — подробно.

Исправь race condition в многопоточном коде Исправь race condition в многопоточном коде Исправь race condition в многопоточном коде Исправь race condition в многопоточном коде Исправь race condition в многопоточном коде Исправь race condition в многопоточном коде",Написание кода,Анализ и оптимизация кода,99057,5.5,2
a3440f4c,2024-05-01T01:18:00,user_011,"Проверь входящие и составь краткую сводку важных писем 

Контекст: Работаю над проектом в сфере IT, команда из 10 человек. Срочность: высокая. Дополнительные требования: стиль — деловой, объём — подробно.

Проверь входящие и составь краткую сводку важных писем Проверь входящие и составь краткую сводку важных писем Проверь входящие и составь краткую сводку важных писем Проверь входящие и составь краткую сводку важных писем Проверь входящие и составь краткую сводку важных писем Проверь входящие и составь краткую сводку важных писем Проверь входящие и составь краткую сводку важных писем",Работа с документами,Мониторинг почты,87863,14.12,2
aeca651a,2024-05-01T06:50:00,user_044,"Объясни принципы работы нашей CI/CD трубы 

Контекст: Работаю над проектом в сфере IT, команда из 10 человек. Срочность: средняя. Дополнительные требования: стиль — деловой, объём — кратко.

Объясни принципы работы нашей CI/CD трубы Объясни принципы работы нашей CI/CD трубы Объясни принципы работы нашей CI/CD трубы Объясни принципы работы нашей CI/CD трубы Объясни принципы работы нашей CI/CD трубы",Обучение и онбординг,Обучение сотрудников,116339,27.33,3
4f9d62be,2024-05-01T21:21:00,user_034,"Предложи стратегию выхода на новый рынок 

Контекст: Работаю над проектом в сфере IT, команда из 10 человек. Срочность: средняя. Дополнительные требования: стиль — деловой, объём — кратко.

Предложи стратегию выхода на новый рынок Предложи стратегию выхода на новый рынок Предложи стратегию выхода на новый рынок Предложи стратегию выхода на новый рынок Предложи стратегию выхода на новый рынок Предложи стратегию выхода на новый рынок Предложи стратегию выхода на новый рынок",Обучение и онбординг,Стратегические вопросы,111632,2.51,4
022bc7bf,2024-05-02T04:39:00,user_044,"Пометь приоритетные письма и создай задачи из них 

Контекст: Работаю над проектом в сфере IT, команда из 10 человек. Срочность: средняя. Дополнительные требования: стиль — деловой, объём — кратко.

Пометь приоритетные письма и создай задачи из них Пометь приоритетные письма и создай задачи из них Пометь приоритетные письма и создай задачи из них Пометь приоритетные письма и создай задачи из них Пометь приоритетные письма и создай задачи из них Пометь приоритетные письма и создай задачи из них",Работа с документами,Мониторинг почты,136104,22.85,
287b3345,2024-05-02T07:42:00,user_018,"Объясни разницу между REST и GraphQL простым языком 

Контекст: Работаю над проектом в сфере IT, команда из 10 человек. Срочность: средняя. Дополнительные требования: стиль — деловой, объём — подробно.

Объясни разницу между REST и GraphQL простым языком Объясни разницу между REST и GraphQL простым языком Объясни разницу между REST и GraphQL простым языком Объясни разницу между REST и GraphQL простым языком",Обучение и онбординг,Технические вопросы,124713,7.37,2
723dca1c,2024-05-02T10:56:00,user_027,"Напиши деловое письмо партнёру о переносе сроков проекта 

Контекст: Работаю над проектом в сфере IT, команда из 10 человек. Срочность: средняя. Дополнительные требования: стиль — деловой, объём — подробно.

Напиши деловое письмо партнёру о переносе сроков проекта Напиши деловое письмо партнёру о переносе сроков проекта Напиши деловое письмо партнёру о переносе сроков проекта Напиши деловое письмо партнёру о переносе сроков проекта Напиши деловое письмо партнёру о переносе сроков проекта",Генерация текста,Написание деловых писем,116091,12.96,1
2ff5bc42,2024-05-03T00:01:00,user_023,"Создай шаблоны ответов на типовые запросы клиентов 

Контекст: Работаю над проектом в сфере IT, команда из 10 человек. Срочность: высокая. Дополнительные требования: стиль — деловой, объём — подробно.

Создай шаблоны ответов на типовые запросы клиентов Создай шаблоны ответов на типовые запросы клиентов Создай шаблоны ответов на типовые запросы клиентов Создай шаблоны ответов на типовые запросы клиентов Создай шаблоны ответов на типовые запросы клиентов Создай шаблоны ответов на типовые запросы клиентов Создай шаблоны ответов на типовые запросы клиентов",Работа с документами,Мониторинг почты,120245,40.45,3
63c93dac,2024-05-03T06:20:00,user_032,"Предложи стратегию выхода на новый рынок 

Контекст: Работаю над проектом в сфере IT, команда из 10 человек. Срочность: средняя. Дополнительные требования: стиль — деловой, объём — подробно.

Предложи стратегию выхода на новый рынок Предложи стратегию выхода на новый рынок Предложи стратегию выхода на новый рынок Предложи стратегию выхода на новый рынок",Обучение и онбординг,Стратегические вопросы,138808,13.52,2
b412581b,2024-05-03T06:30:00,user_050,"Составь скрипт для звонка недовольному клиенту 

Контекст: Работаю над проектом в сфере IT, команда из 10 человек. Срочность: средняя. Дополнительные требования: стиль — деловой, объём — кратко.

Составь скрипт для звонка недовольному клиенту Составь скрипт для звонка недовольному клиенту Составь скрипт для звонка недовольному клиенту Составь скрипт для звонка недовольному клиенту",Работа с клиентами,Поддержка клиентов,76630,40.15,4
5ff89d7d,2024-05-03T15:57:00,user_021,"Какие метрики важно отслеживать для SaaS-продукта? 

Контекст: Работаю над проектом в сфере IT, команда из 10 человек. Срочность: высокая. Дополнительные требования: стиль — деловой, объём — подробно.

Какие метрики важно отслеживать для SaaS-продукта? Какие метрики важно отслеживать для SaaS-продукта? Какие метрики важно отслеживать для SaaS-продукта? Какие метрики важно отслеживать для SaaS-продукта?",Обучение и онбординг,Стратегические вопросы,127842,29.78,1
5c56058c,2024-05-04T01:07:00,user_043,"Предскажи конверсию нового маркетингового канала 

Контекст: Работаю над проектом в сфере IT, команда из 10 человек. Срочность: высокая. Дополнительные требования: стиль — деловой, объём — кратко.

Предскажи конверсию нового маркетингового канала Предскажи конверсию нового маркетингового канала Предскажи конверсию нового маркетингового канала Предскажи конверсию нового маркетингового канала Предскажи конверсию нового маркетингового канала Предскажи конверсию нового маркетингового канала Предскажи конверсию нового маркетингового канала",Анализ данных,Прогнозирование,113305,28.52,2
89538b5b,2024-05-04T13:42:00,user_033,"Проверь документ на соответствие стандартам компании 

Контекст: Работаю над проектом в сфере IT, команда из 10 человек. Срочность: средняя. Дополнительные требования: стиль — деловой, объём — кратко.

Проверь документ на соответствие стандартам компании Проверь документ на соответствие стандартам компании Проверь документ на соответствие стандартам компании Проверь документ на соответствие стандартам компании Проверь документ на соответствие стандартам компании Проверь документ на соответствие стандартам компании Проверь документ на соответствие стандартам компании Проверь документ на соответствие стандартам компании",Работа с документами,Обработка документов,97983,16.55,4
37f231e1,2024-05-04T15:44:00,user_049,"Напиши программу для конвертации документов из PDF в Word 

Контекст: Работаю над проектом в сфере IT, команда из 10 человек. Срочность: средняя. Дополнительные требования: стиль — деловой, объём — подробно.

Напиши программу для конвертации документов из PDF в Word Напиши программу для конвертации документов из PDF в Word Напиши программу для конвертации документов из PDF в Word Напиши программу для конвертации документов из PDF в Word Напиши программу для конвертации документов из PDF в Word Напиши программу для конвертации документов из PDF в Word",Написание кода,Автоматизация рутины,77420,25.74,3
e0e794bd,2024-05-04T15:46:00,user_015,"Что такое Docker и зачем он нужен? 

Контекст: Работаю над проектом в сфере IT, команда из 10 человек. Срочность: средняя. Дополнительные требования: стиль — деловой, объём — кратко.

Что такое Docker и зачем он нужен? Что такое Docker и зачем он нужен? Что такое Docker и зачем он нужен? Что такое Docker и зачем он нужен?",Обучение и онбординг,Технические вопросы,62509,3.75,
4f9c5e8b,2024-05-04T16:05:00,user_002,"Проанализируй данные о продажах за последний квартал 

Контекст: Работаю над проектом в сфере IT, команда из 10 человек. Срочность: средняя. Дополнительные требования: стиль — деловой, объём — кратко.

Проанализируй данные о продажах за последний квартал Проанализируй данные о продажах за последний квартал Проанализируй данные о продажах за последний квартал Проанализируй данные о продажах за последний квартал Проанализируй данные о продажах за последний квартал Проанализируй данные о продажах за последний квартал Проанализируй данные о продажах за последний квартал",Анализ данных,Сбор аналитики,52961,6.55,
072f9b58,2024-05-05T21:15:00,user_012,"Составь план переговоров с ключевым клиентом 

Контекст: Работаю над проектом в сфере IT, команда из 10 человек. Срочность: средняя. Дополнительные требования: стиль — деловой, объём — подробно.

Составь план переговоров с ключевым клиентом Составь план переговоров с ключевым клиентом Составь план переговоров с ключевым клиентом Составь план переговоров с ключевым клиентом Составь план переговоров с ключевым клиентом",Работа с клиентами,Продажи и переговоры,98148,39.35,5
fd0555d1,2024-05-06T03:34:00,user_007,"Напиши скрипт на Python для автоматической обработки CSV-файлов 

Контекст: Работаю над проектом в сфере IT, команда из 10 человек. Срочность: средняя. Дополнительные требования: стиль — деловой, объём — подробно.

Напиши скрипт на Python для автоматической обработки CSV-файлов Напиши скрипт на Python для автоматической обработки CSV-файлов Напиши скрипт на Python для автоматической обработки CSV-файлов Напиши скрипт на Python для автоматической обработки CSV-файлов Напиши скрипт на Python для автоматической обработки CSV-файлов",Написание кода,Автоматизация рутины,138457,28.1,4
88bed805,2024-05-06T03:47:00,user_038,"Составь пост для соцсетей о новой функции 

Контекст: Работаю над проектом в сфере IT, команда из 10 человек. Срочность: средняя. Дополнительные требования: стиль — деловой, объём — кратко.

Составь пост для соцсетей о новой функции Составь пост для соцсетей о новой функции Составь пост для соцсетей о новой функции Составь пост для соцсетей о новой функции Составь пост для соцсетей о новой функции Составь пост для соцсетей о новой функции",Генерация текста,Создание маркетинговых текстов,57585,2.41,
a073e374,2024-05-06T05:08:00,user_033,"Как работает алгоритм шифрования AES? 

Контекст: Работаю над проектом в сфере IT, команда из 10 человек. Срочность: средняя. Дополнительные требования: стиль — деловой, объём — подробно.

Как работает алгоритм шифрования AES? Как работает алгоритм шифрования AES? Как работает алгоритм шифрования AES? Как работает алгоритм шифрования AES? Как работает алгоритм шифрования AES?",Обучение и онбординг,Технические вопросы,85330,19.81,1
eabb05b8,2024-05-06T15:24:00,user_022,"Составь отчёт о непрочитанных письмах за день 

Контекст: Работаю над проектом в сфере IT, команда из 10 человек. Срочность: средняя. Дополнительные требования: стиль — деловой, объём — подробно.

Составь отчёт о непрочитанных письмах за день Составь отчёт о непрочитанных письмах за день Составь отчёт о непрочитанных письмах за день Составь отчёт о непрочитанных письмах за день",Работа с документами,Мониторинг почты,99242,35.1,2
59a13311,2024-05-07T05:20:00,user_035,"Напиши краткий отчёт о проделанной работе за неделю 

Контекст: Работаю над проектом в сфере IT, команда из 10 человек. Срочность: средняя. Дополнительные требования: стиль — деловой, объём — кратко.

Напиши краткий отчёт о проделанной работе за неделю Напиши краткий отчёт о проделанной работе за неделю Напиши краткий отчёт о проделанной работе за неделю Напиши краткий отчёт о проделанной работе за неделю Напиши краткий отчёт о проделанной работе за неделю Напиши краткий отчёт о проделанной работе за неделю",Генерация текста,Генерация отчётов и резюме,125701,28.38,1
296567de,2024-05-07T20:58:00,user_038,"Проанализируй данные о продажах за последний квартал 

Контекст: Работаю над проектом в сфере IT, команда из 10 человек. Срочность: высокая. Дополнительные требования: стиль — деловой, объём — подробно.

Проанализируй данные о продажах за последний квартал Проанализируй данные о продажах за последний квартал Проанализируй данные о продажах за последний квартал Проанализируй данные о продажах за последний квартал",Анализ данных,Сбор аналитики,107086,21.73,2
cd589919,2024-05-08T07:44:00,user_024,"Создай epic для нового функционала в Jira 

Контекст: Работаю над проектом в сфере IT, команда из 10 человек. Срочность: средняя. Дополнительные требования: стиль — деловой, объём — кратко.

Создай epic для нового функционала в Jira Создай epic для нового функционала в Jira Создай epic для нового функционала в Jira Создай epic для нового функционала в Jira Создай epic для нового функционала в Jira",Работа с документами,Работа с Jira/Confluence,133462,23.66,5
85adcd84,2024-05-08T13:10:00,user_040,"Напиши инструкцию для клиента по настройке интеграции 

Контекст: Работаю над проектом в сфере IT, команда из 10 человек. Срочность: средняя. Дополнительные требования: стиль — деловой, объём — подробно.

Напиши инструкцию для клиента по настройке интеграции Напиши инструкцию для клиента по настройке интеграции Напиши инструкцию для клиента по настройке интеграции Напиши инструкцию для клиента по настройке интеграции Напиши инструкцию для клиента по настройке интеграции",Работа с клиентами,Поддержка клиентов,106995,32.3,1
d2cbc61f,2024-05-08T22:14:00,user_014,"Предскажи конверсию нового маркетингового канала 

Контекст: Работаю над проектом в сфере IT, команда из 10 человек. Срочность: средняя. Дополнительные требования: стиль — деловой, объём — подробно.

Предскажи конверсию нового маркетингового канала Предскажи конверсию нового маркетингового канала Предскажи конверсию нового маркетингового канала Предскажи конверсию нового маркетингового канала Предскажи конверсию нового маркетингового канала Предскажи конверсию нового маркетингового канала Предскажи конверсию нового маркетингового канала",Анализ данных,Прогнозирование,60249,40.56,2
e7ae9a0f,2024-05-09T15:10:00,user_002,"Создай выжимку из длинного документа на 50 страниц 

Контекст: Работаю над проектом в сфере IT, команда из 10 человек. Срочность: средняя. Дополнительные требования: стиль — деловой, объём — подробно.

Создай выжимку из длинного документа на 50 страниц Создай выжимку из длинного документа на 50 страниц Создай выжимку из длинного документа на 50 страниц Создай выжимку из длинного документа на 50 страниц Создай выжимку из длинного документа на 50 страниц Создай выжимку из длинного документа на 50 страниц Создай выжимку из длинного документа на 50 страниц",Генерация текста,Генерация отчётов и резюме,149301,9.88,4
5fdf16e5,2024-05-10T02:01:00,user_018,"Составь описание продукта для маркетплейса 

Контекст: Работаю над проектом в сфере IT, команда из 10 человек. Срочность: высокая. Дополнительные требования: стиль — деловой, объём — подробно.

Составь описание продукта для маркетплейса Составь описание продукта для маркетплейса Составь описание продукта для маркетплейса",Генерация текста,Создание маркетинговых текстов,65400,37.18,
758954bc,2024-05-11T03:31:00,user_010,"Составь отчёт об анализе рынка для инвесторов 

Контекст: Работаю над проектом в сфере IT, команда из 10 человек. Срочность: средняя. Дополнительные требования: стиль — деловой, объём — кратко.

Составь отчёт об анализе рынка для инвесторов Составь отчёт об анализе рынка для инвесторов Составь отчёт об анализе рынка для инвесторов Составь отчёт об анализе рынка для инвесторов Составь отчёт об анализе рынка для инвесторов Составь отчёт об анализе рынка для инвесторов Составь отчёт об анализе рынка для инвесторов Составь отчёт об анализе рынка для инвесторов",Генерация текста,Генерация отчётов и резюме,90790,43.14,4
a31df1f4,2024-05-11T16:29:00,user_029,"Составь техническое задание на разработку мобильного приложения 

Контекст: Работаю над проектом в сфере IT, команда из 10 человек. Срочность: средняя. Дополнительные требования: стиль — деловой, объём — кратко.

Составь техническое задание на разработку мобильного приложения Составь техническое задание на разработку мобильного приложения Составь техническое задание на разработку мобильного приложения Составь техническое задание на разработку мобильного приложения Составь техническое задание на разработку мобильного приложения Составь техническое задание на разработку мобильного приложения",Обучение и онбординг,Стратегические вопросы,134438,39.76,5
97594ecc,2024-05-11T17:25:00,user_025,"Составь отчёт о непрочитанных письмах за день 

Контекст: Работаю над проектом в сфере IT, команда из 10 человек. Срочность: средняя. Дополнительные требования: стиль — деловой, объём — подробно.

Составь отчёт о непрочитанных письмах за день Составь отчёт о непрочитанных письмах за день Составь отчёт о непрочитанных письмах за день Составь отчёт о непрочитанных письмах за день Составь отчёт о непрочитанных письмах за день Составь отчёт о непрочитанных письмах за день Составь отчёт о непрочитанных письмах за день Составь отчёт о непрочитанных письмах за день",Работа с документами,Мониторинг почты,79108,25.01,
48354ba1,2024-05-12T02:56:00,user_017,"Составь резюме встречи по итогам обсуждения 

Контекст: Работаю над проектом в сфере IT, команда из 10 человек. Срочность: средняя. Дополнительные требования: стиль — деловой, объём — подробно.

Составь резюме встречи по итогам обсуждения Составь резюме встречи по итогам обсуждения Составь резюме встречи по итогам обсуждения Составь резюме встречи по итогам обсуждения Составь резюме встречи по итогам обсуждения Составь резюме встречи по итогам обсуждения",Генерация текста,Генерация отчётов и резюме,111513,41.41,4
b6d5506c,2024-05-12T12:48:00,user_008,"Подготовь коммерческое предложение для крупного клиента 

Контекст: Работаю над проектом в сфере IT, команда из 10 человек. Срочность: высокая. Дополнительные требования: стиль — деловой, объём — кратко.

Подготовь коммерческое предложение для крупного клиента Подготовь коммерческое предложение для крупного клиента Подготовь коммерческое предложение для крупного клиента Подготовь коммерческое предложение для крупного клиента Подготовь коммерческое предложение для крупного клиента Подготовь коммерческое предложение для крупного клиента Подготовь коммерческое предложение для крупного клиента Подготовь коммерческое предложение для крупного клиента",Работа с клиентами,Продажи и переговоры,90619,20.86,3
9507d5ec,2024-05-12T13:27:00,user_014,"Напиши скрипт на Python для автоматической обработки CSV-файлов 

Контекст: Работаю над проектом в сфере IT, команда из 10 человек. Срочность: средняя. Дополнительные требования: стиль — деловой, объём — кратко.

Напиши скрипт на Python для автоматической обработки CSV-файлов Напиши скрипт на Python для автоматической обработки CSV-файлов Напиши скрипт на Python для автоматической обработки CSV-файлов Напиши скрипт на Python для автоматической обработки CSV-файлов Напиши скрипт на Python для автоматической обработки CSV-файлов",Написание кода,Автоматизация рутины,61972,40.15,2
74ff8b5b,2024-05-13T03:26:00,user_010,"Объясни принцип работы load balancer 

Контекст: Работаю над проектом в сфере IT, команда из 10 человек. Срочность: средняя. Дополнительные требования: стиль — деловой, объём — подробно.

Объясни принцип работы load balancer Объясни принцип работы load balancer Объясни принцип работы load balancer Объясни принцип работы load balancer Объясни принцип работы load balancer Объясни принцип работы load balancer Объясни принцип работы load balancer Объясни принцип работы load balancer",Обучение и онбординг,Технические вопросы,63899,18.62,4
5e7d0c15,2024-05-13T05:11:00,user_023,"Напиши follow-up письмо после деловой встречи 

Контекст: Работаю над проектом в сфере IT, команда из 10 человек. Срочность: средняя. Дополнительные требования: стиль — деловой, объём — подробно.

Напиши follow-up письмо после деловой встречи Напиши follow-up письмо после деловой встречи Напиши follow-up письмо после деловой встречи Напиши follow-up письмо после деловой встречи Напиши follow-up письмо после деловой встречи",Работа с клиентами,Продажи и переговоры,119912,32.91,3
93c8210a,2024-05-14T07:22:00,user_029,"Извлеки ключевые данные из договора и заполни таблицу 

Контекст: Работаю над проектом в сфере IT, команда из 10 человек. Срочность: высокая. Дополнительные требования: стиль — деловой, объём — кратко.

Извлеки ключевые данные из договора и заполни таблицу Извлеки ключевые данные из договора и заполни таблицу Извлеки ключевые данные из договора и заполни таблицу Извлеки ключевые данные из договора и заполни таблицу Извлеки ключевые данные из договора и заполни таблицу",Работа с документами,Обработка документов,122855,26.86,
db417458,2024-05-14T08:33:00,user_046,"Что такое Kubernetes и когда его использовать? 

Контекст: Работаю над проектом в сфере IT, команда из 10 человек. Срочность: средняя. Дополнительные требования: стиль — деловой, объём — кратко.

Что такое Kubernetes и когда его использовать? Что такое Kubernetes и когда его использовать? Что такое Kubernetes и когда его использовать? Что такое Kubernetes и когда его использовать? Что такое Kubernetes и когда его использовать?",Обучение и онбординг,Технические вопросы,146086,5.83,1
3dce82a8,2024-05-14T10:20:00,user_025,"Напиши скрипт на Python для автоматической обработки CSV-файлов 

Контекст: Работаю над проектом в сфере IT, команда из 10 человек. Срочность: средняя. Дополнительные требования: стиль — деловой, объём — подробно.

Напиши скрипт на Python для автоматической обработки CSV-файлов Напиши скрипт на Python для автоматической обработки CSV-файлов Напиши скрипт на Python для автоматической обработки CSV-файлов Напиши скрипт на Python для автоматической обработки CSV-файлов",Написание кода,Автоматизация рутины,60997,17.37,1
d54c34ba,2024-05-14T20:27:00,user_021,"Как работает алгоритм шифрования AES? 

Контекст: Работаю над проектом в сфере IT, команда из 10 человек. Срочность: средняя. Дополнительные требования: стиль — деловой, объём — кратко.

Как работает алгоритм шифрования AES? Как работает алгоритм шифрования AES? Как работает алгоритм шифрования AES? Как работает алгоритм шифрования AES? Как работает алгоритм шифрования AES?",Обучение и онбординг,Технические вопросы,77231,37.51,
7a6799c3,2024-05-15T00:23:00,user_002,"Составь официальное письмо с благодарностью за сотрудничество 

Контекст: Работаю над проектом в сфере IT, команда из 10 человек. Срочность: средняя. Дополнительные требования: стиль — деловой, объём — подробно.

Составь официальное письмо с благодарностью за сотрудничество Составь официальное письмо с благодарностью за сотрудничество Составь официальное письмо с благодарностью за сотрудничество Составь официальное письмо с благодарностью за сотрудничество",Генерация текста,Написание деловых писем,114955,28.15,3
a3ed433b,2024-05-15T07:28:00,user_014,"Напиши пошаговую инструкцию для онбординга в отдел продаж 

Контекст: Работаю над проектом в сфере IT, команда из 10 человек. Срочность: средняя. Дополнительные требования: стиль — деловой, объём — подробно.

Напиши пошаговую инструкцию для онбординга в отдел продаж Напиши пошаговую инструкцию для онбординга в отдел продаж Напиши пошаговую инструкцию для онбординга в отдел продаж Напиши пошаговую инструкцию для онбординга в отдел продаж",Обучение и онбординг,Обучение сотрудников,142576,9.42,
ae2a27b5,2024-05-15T15:40:00,user_032,"Составь описание продукта для маркетплейса 

Контекст: Работаю над проектом в сфере IT, команда из 10 человек. Срочность: средняя. Дополнительные требования: стиль — деловой, объём — подробно.

Составь описание продукта для маркетплейса Составь описание продукта для маркетплейса Составь описание продукта для маркетплейса Составь описание продукта для маркетплейса Составь описание продукта для маркетплейса",Генерация текста,Создание маркетинговых текстов,63684,5.12,1
4e417c5e,2024-05-16T07:30:00,user_012,"Как работает алгоритм шифрования AES? 

Контекст: Работаю над проектом в сфере IT, команда из 10 человек. Срочность: средняя. Дополнительные требования: стиль — деловой, объём — кратко.

Как работает алгоритм шифрования AES? Как работает алгоритм шифрования AES? Как работает алгоритм шифрования AES? Как работает алгоритм шифрования AES? Как работает алгоритм шифрования AES?",Обучение и онбординг,Технические вопросы,88437,23.95,4
7993bb62,2024-05-16T17:12:00,user_042,"Что такое Kubernetes и когда его использовать? 

Контекст: Работаю над проектом в сфере IT, команда из 10 человек. Срочность: средняя. Дополнительные требования: стиль — деловой, объём — кратко.

Что такое Kubernetes и когда его использовать? Что такое Kubernetes и когда его использовать? Что такое Kubernetes и когда его использовать? Что такое Kubernetes и когда его использовать? Что такое Kubernetes и когда его использовать? Что такое Kubernetes и когда его использовать? Что такое Kubernetes и когда его использовать? Что такое Kubernetes и когда его использовать?",Обучение и онбординг,Технические вопросы,116467,12.91,4
f23e644e,2024-05-17T02:00:00,user_026,"Создай обучающий материал по работе с нашей CRM-системой 

Контекст: Работаю над проектом в сфере IT, команда из 10 человек. Срочность: средняя. Дополнительные требования: стиль — деловой, объём — подробно.

Создай обучающий материал по работе с нашей CRM-системой Создай обучающий материал по работе с нашей CRM-системой Создай обучающий материал по работе с нашей CRM-системой Создай обучающий материал по работе с нашей CRM-системой Создай обучающий материал по работе с нашей CRM-системой Создай обучающий материал по работе с нашей CRM-системой Создай обучающий материал по работе с нашей CRM-системой",Обучение и онбординг,Обучение сотрудников,122618,32.68,
21aaea48,2024-05-17T05:32:00,user_034,"Напиши программу для конвертации документов из PDF в Word 

Контекст: Работаю над проектом в сфере IT, команда из 10 человек. Срочность: средняя. Дополнительные требования: стиль — деловой, объём — кратко.

Напиши программу для конвертации документов из PDF в Word Напиши программу для конвертации документов из PDF в Word Напиши программу для конвертации документов из PDF в Word Напиши программу для конвертации документов из PDF в Word Напиши программу для конвертации документов из PDF в Word Напиши программу для конвертации документов из PDF в Word Напиши программу для конвертации документов из PDF в Word",Написание кода,Автоматизация рутины,50432,26.43,
9b65d04d,2024-05-17T07:47:00,user_049,"Предложи стратегию выхода на новый рынок 

Контекст: Работаю над проектом в сфере IT, команда из 10 человек. Срочность: высокая. Дополнительные требования: стиль — деловой, объём — подробно.

Предложи стратегию выхода на новый рынок Предложи стратегию выхода на новый рынок Предложи стратегию выхода на новый рынок Предложи стратегию выхода на новый рынок Предложи стратегию выхода на новый рынок Предложи стратегию выхода на новый рынок",Обучение и онбординг,Стратегические вопросы,124167,11.43,3
c9b9d88c,2024-05-17T10:33:00,user_006,"Напиши инструкцию для клиента по настройке интеграции 

Контекст: Работаю над проектом в сфере IT, команда из 10 человек. Срочность: высокая. Дополнительные требования: стиль — деловой, объём — кратко.

Напиши инструкцию для клиента по настройке интеграции Напиши инструкцию для клиента по настройке интеграции Напиши инструкцию для клиента по настройке интеграции",Работа с клиентами,Поддержка клиентов,50107,14.77,5
681915b0,2024-05-18T16:58:00,user_019,"Составь техническое задание на разработку мобильного приложения 

Контекст: Работаю над проектом в сфере IT, команда из 10 человек. Срочность: средняя. Дополнительные требования: стиль — деловой, объём — кратко.

Составь техническое задание на разработку мобильного приложения Составь техническое задание на разработку мобильного приложения Составь техническое задание на разработку мобильного приложения Составь техническое задание на разработку мобильного приложения Составь техническое задание на разработку мобильного приложения Составь техническое задание на разработку мобильного приложения",Обучение и онбординг,Стратегические вопросы,63024,23.03,4
4188b315,2024-05-18T23:43:00,user_003,"Предложи стратегию выхода на новый рынок 

Контекст: Работаю над проектом в сфере IT, команда из 10 человек. Срочность: средняя. Дополнительные требования: стиль — деловой, объём — кратко.

Предложи стратегию выхода на новый рынок Предложи стратегию выхода на новый рынок Предложи стратегию выхода на новый рынок Предложи стратегию выхода на новый рынок",Обучение и онбординг,Стратегические вопросы,77236,28.72,4
36273503,2024-05-19T20:55:00,user_026,"Перепиши этот код с использованием паттерна Repository 

Контекст: Работаю над проектом в сфере IT, команда из 10 человек. Срочность: средняя. Дополнительные требования: стиль — деловой, объём — кратко.

Перепиши этот код с использованием паттерна Repository Перепиши этот код с использованием паттерна Repository Перепиши этот код с использованием паттерна Repository Перепиши этот код с использованием паттерна Repository Перепиши этот код с использованием паттерна Repository",Написание кода,Анализ и оптимизация кода,122083,9.62,5
2d8d9386,2024-05-20T00:48:00,user_049,"Извлеки все даты и дедлайны из проектной документации 

Контекст: Работаю над проектом в сфере IT, команда из 10 человек. Срочность: средняя. Дополнительные требования: стиль — деловой, объём — кратко.

Извлеки все даты и дедлайны из проектной документации Извлеки все даты и дедлайны из проектной документации Извлеки все даты и дедлайны из проектной документации",Работа с документами,Обработка документов,52199,35.27,3
6f01382c,2024-05-20T11:15:00,user_041,"Напиши ответ на вопрос клиента о тарифах 

Контекст: Работаю над проектом в сфере IT, команда из 10 человек. Срочность: средняя. Дополнительные требования: стиль — деловой, объём — подробно.

Напиши ответ на вопрос клиента о тарифах Напиши ответ на вопрос клиента о тарифах Напиши ответ на вопрос клиента о тарифах Напиши ответ на вопрос клиента о тарифах",Работа с клиентами,Поддержка клиентов,143803,14.05,4
98e3b9d0,2024-05-20T14:17:00,user_042,"Создай CRUD-эндпоинты для работы с товарами 

Контекст: Работаю над проектом в сфере IT, команда из 10 человек. Срочность: средняя. Дополнительные требования: стиль — деловой, объём — кратко.

Создай CRUD-эндпоинты для работы с товарами Создай CRUD-эндпоинты для работы с товарами Создай CRUD-эндпоинты для работы с товарами Создай CRUD-эндпоинты для работы с товарами Создай CRUD-эндпоинты для работы с товарами",Написание кода,Разработка веб-приложений,143424,10.37,5
affc4d64,2024-05-21T07:13:00,user_050,"Напиши пошаговую инструкцию для онбординга в отдел продаж 

Контекст: Работаю над проектом в сфере IT, команда из 10 человек. Срочность: средняя. Дополнительные требования: стиль — деловой, объём — подробно.

Напиши пошаговую инструкцию для онбординга в отдел продаж Напиши пошаговую инструкцию для онбординга в отдел продаж Напиши пошаговую инструкцию для онбординга в отдел продаж Напиши пошаговую инструкцию для онбординга в отдел продаж",Обучение и онбординг,Обучение сотрудников,73185,32.19,3
da24493f,2024-05-21T15:52:00,user_031,"Построй scatter plot для анализа зависимости LTV от CAC 

Контекст: Работаю над проектом в сфере IT, команда из 10 человек. Срочность: средняя. Дополнительные требования: стиль — деловой, объём — подробно.

Построй scatter plot для анализа зависимости LTV от CAC Построй scatter plot для анализа зависимости LTV от CAC Построй scatter plot для анализа зависимости LTV от CAC Построй scatter plot для анализа зависимости LTV от CAC Построй scatter plot для анализа зависимости LTV от CAC Построй scatter plot для анализа зависимости LTV от CAC Построй scatter plot для анализа зависимости LTV от CAC Построй scatter plot для анализа зависимости LTV от CAC",Анализ данных,Визуализация данных,141884,31.57,
099f47cb,2024-05-22T13:33:00,user_015,"Перепиши этот код с использованием паттерна Repository 

Контекст: Работаю над проектом в сфере IT, команда из 10 человек. Срочность: высокая. Дополнительные требования: стиль — деловой, объём — подробно.

Перепиши этот код с использованием паттерна Repository Перепиши этот код с использованием паттерна Repository Перепиши этот код с использованием паттерна Repository Перепиши этот код с использованием паттерна Repository Перепиши этот код с использованием паттерна Repository Перепиши этот код с использованием паттерна Repository Перепиши этот код с использованием паттерна Repository",Написание кода,Анализ и оптимизация кода,96430,10.14,4
288e2e1d,2024-05-22T21:24:00,user_019,"Подготовь деловое письмо с предложением о сотрудничестве 

Контекст: Работаю над проектом в сфере IT, команда из 10 человек. Срочность: высокая. Дополнительные требования: стиль — деловой, объём — кратко.

Подготовь деловое письмо с предложением о сотрудничестве Подготовь деловое письмо с предложением о сотрудничестве Подготовь деловое письмо с предложением о сотрудничестве Подготовь деловое письмо с предложением о сотрудничестве Подготовь деловое письмо с предложением о сотрудничестве Подготовь деловое письмо с предложением о сотрудничестве",Генерация текста,Написание деловых писем,117362,27.27,2
662a5cde,2024-05-22T23:52:00,user_016,"Напиши скрипт на Python для автоматической обработки CSV-файлов 

Контекст: Работаю над проектом в сфере IT, команда из 10 человек. Срочность: средняя. Дополнительные требования: стиль — деловой, объём — кратко.

Напиши скрипт на Python для автоматической обработки CSV-файлов Напиши скрипт на Python для автоматической обработки CSV-файлов Напиши скрипт на Python для автоматической обработки CSV-файлов Напиши скрипт на Python для автоматической обработки CSV-файлов Напиши скрипт на Python для автоматической обработки CSV-файлов",Написание кода,Автоматизация рутины,50732,17.98,4
b6419975,2024-05-23T00:35:00,user_006,"Объясни архитектуру нашего проекта новому разработчику 

Контекст: Работаю над проектом в сфере IT, команда из 10 человек. Срочность: высокая. Дополнительные требования: стиль — деловой, объём — кратко.

Объясни архитектуру нашего проекта новому разработчику Объясни архитектуру нашего проекта новому разработчику Объясни архитектуру нашего проекта новому разработчику Объясни архитектуру нашего проекта новому разработчику",Обучение и онбординг,Обучение сотрудников,73749,30.21,2
f5f2a96e,2024-05-23T05:43:00,user_026,"Составь план миграции с монолита на микросервисы 

Контекст: Работаю над проектом в сфере IT, команда из 10 человек. Срочность: средняя. Дополнительные требования: стиль — деловой, объём — подробно.

Составь план миграции с монолита на микросервисы Составь план миграции с монолита на микросервисы Составь план миграции с монолита на микросервисы Составь план миграции с монолита на микросервисы Составь план миграции с монолита на микросервисы",Обучение и онбординг,Стратегические вопросы,112306,19.26,3
917bf68a,2024-05-23T09:14:00,user_019,"Построй прогноз загрузки серверов на месяц 

Контекст: Работаю над проектом в сфере IT, команда из 10 человек. Срочность: средняя. Дополнительные требования: стиль — деловой, объём — кратко.

Построй прогноз загрузки серверов на месяц Построй прогноз загрузки серверов на месяц Построй прогноз загрузки серверов на месяц Построй прогноз загрузки серверов на месяц Построй прогноз загрузки серверов на месяц Построй прогноз загрузки серверов на месяц Построй прогноз загрузки серверов на месяц Построй прогноз загрузки серверов на месяц",Анализ данных,Прогнозирование,97595,15.6,5
18018ea2,2024-05-23T09:21:00,user_009,"Найди аномалии в данных о транзакциях 

Контекст: Работаю над проектом в сфере IT, команда из 10 человек. Срочность: средняя. Дополнительные требования: стиль — деловой, объём — подробно.

Найди аномалии в данных о транзакциях Найди аномалии в данных о транзакциях Найди аномалии в данных о транзакциях",Анализ данных,Сбор аналитики,93900,21.13,1
81704964,2024-05-24T01:22:00,user_014,"Предложи стратегию выхода на новый рынок 

Контекст: Работаю над проектом в сфере IT, команда из 10 человек. Срочность: высокая. Дополнительные требования: стиль — деловой, объём — подробно.

Предложи стратегию выхода на новый рынок Предложи стратегию выхода на новый рынок Предложи стратегию выхода на новый рынок Предложи стратегию выхода на новый рынок Предложи стратегию выхода на новый рынок Предложи стратегию выхода на новый рынок Предложи стратегию выхода на новый рынок Предложи стратегию выхода на новый рынок",Обучение и онбординг,Стратегические вопросы,129722,30.01,3
f2b204bc,2024-05-25T04:02:00,user_015,"Предложи стратегию выхода на новый рынок 

Контекст: Работаю над проектом в сфере IT, команда из 10 человек. Срочность: средняя. Дополнительные требования: стиль — деловой, объём — кратко.

Предложи стратегию выхода на новый рынок Предложи стратегию выхода на новый рынок Предложи стратегию выхода на новый рынок Предложи стратегию выхода на новый рынок Предложи стратегию выхода на новый рынок",Обучение и онбординг,Стратегические вопросы,145944,26.59,5
c1d0812f,2024-05-25T10:52:00,user_024,"Сравни две версии документа и опиши различия 

Контекст: Работаю над проектом в сфере IT, команда из 10 человек. Срочность: высокая. Дополнительные требования: стиль — деловой, объём — кратко.

Сравни две версии документа и опиши различия Сравни две версии документа и опиши различия Сравни две версии документа и опиши различия Сравни две версии документа и опиши различия Сравни две версии документа и опиши различия",Работа с документами,Обработка документов,53887,21.28,1
2ce20b9f,2024-05-25T18:40:00,user_030,"Подготовь презентацию продукта для потенциального партнёра 

Контекст: Работаю над проектом в сфере IT, команда из 10 человек. Срочность: средняя. Дополнительные требования: стиль — деловой, объём — подробно.

Подготовь презентацию продукта для потенциального партнёра Подготовь презентацию продукта для потенциального партнёра Подготовь презентацию продукта для потенциального партнёра Подготовь презентацию продукта для потенциального партнёра Подготовь презентацию продукта для потенциального партнёра Подготовь презентацию продукта для потенциального партнёра Подготовь презентацию продукта для потенциального партнёра Подготовь презентацию продукта для потенциального партнёра",Работа с клиентами,Продажи и переговоры,85187,6.23,3
9bc57a40,2024-05-25T19:42:00,user_019,"Напиши утилиту для мониторинга серверов и отправки алертов 

Контекст: Работаю над проектом в сфере IT, команда из 10 человек. Срочность: средняя. Дополнительные требования: стиль — деловой, объём — подробно.

Напиши утилиту для мониторинга серверов и отправки алертов Напиши утилиту для мониторинга серверов и отправки алертов Напиши утилиту для мониторинга серверов и отправки алертов Напиши утилиту для мониторинга серверов и отправки алертов Напиши утилиту для мониторинга серверов и отправки алертов Напиши утилиту для мониторинга серверов и отправки алертов",Написание кода,Автоматизация рутины,139832,3.05,5
8a360288,2024-05-26T17:08:00,user_028,"Исправь race condition в многопоточном коде 

Контекст: Работаю над проектом в сфере IT, команда из 10 человек. Срочность: средняя. Дополнительные требования: стиль — деловой, объём — подробно.

Исправь race condition в многопоточном коде Исправь race condition в многопоточном коде Исправь race condition в многопоточном коде Исправь race condition в многопоточном коде Исправь race condition в многопоточном коде Исправь race condition в многопоточном коде",Написание кода,Анализ и оптимизация кода,103569,3.33,3
bd21495a,2024-05-26T18:45:00,user_018,"Создай CRUD-эндпоинты для работы с товарами 

Контекст: Работаю над проектом в сфере IT, команда из 10 человек. Срочность: высокая. Дополнительные требования: стиль — деловой, объём — подробно.

Создай CRUD-эндпоинты для работы с товарами Создай CRUD-эндпоинты для работы с товарами Создай CRUD-эндпоинты для работы с товарами Создай CRUD-эндпоинты для работы с товарами Создай CRUD-эндпоинты для работы с товарами",Написание кода,Разработка веб-приложений,114277,10.78,5
b26c5346,2024-05-26T19:32:00,user_015,"Напиши REST API на FastAPI для управления пользователями 

Контекст: Работаю над проектом в сфере IT, команда из 10 человек. Срочность: высокая. Дополнительные требования: стиль — деловой, объём — кратко.

Напиши REST API на FastAPI для управления пользователями Напиши REST API на FastAPI для управления пользователями Напиши REST API на FastAPI для управления пользователями",Написание кода,Разработка веб-приложений,125243,40.89,1
4048e84f,2024-05-27T01:29:00,user_001,"Составь отчёт о непрочитанных письмах за день 

Контекст: Работаю над проектом в сфере IT, команда из 10 человек. Срочность: высокая. Дополнительные требования: стиль — деловой, объём — кратко.

Составь отчёт о непрочитанных письмах за день Составь отчёт о непрочитанных письмах за день Составь отчёт о непрочитанных письмах за день Составь отчёт о непрочитанных письмах за день Составь отчёт о непрочитанных письмах за день Составь отчёт о непрочитанных письмах за день Составь отчёт о непрочитанных письмах за день",Работа с документами,Мониторинг почты,122190,22.58,
0b9d18c8,2024-05-27T04:27:00,user_034,"Построй прогноз выручки на следующий квартал 

Контекст: Работаю над проектом в сфере IT, команда из 10 человек. Срочность: высокая. Дополнительные требования: стиль — деловой, объём — кратко.

Построй прогноз выручки на следующий квартал Построй прогноз выручки на следующий квартал Построй прогноз выручки на следующий квартал Построй прогноз выручки на следующий квартал Построй прогноз выручки на следующий квартал Построй прогноз выручки на следующий квартал",Анализ данных,Прогнозирование,118788,7.51,1
ac6ce316,2024-05-27T09:29:00,user_019,"Оптимизируй алгоритм сортировки для больших объёмов данных 

Контекст: Работаю над проектом в сфере IT, команда из 10 человек. Срочность: высокая. Дополнительные требования: стиль — деловой, объём — подробно.

Оптимизируй алгоритм сортировки для больших объёмов данных Оптимизируй алгоритм сортировки для больших объёмов данных Оптимизируй алгоритм сортировки для больших объёмов данных Оптимизируй алгоритм сортировки для больших объёмов данных",Написание кода,Анализ и оптимизация кода,111612,35.72,5
6f8ef04c,2024-05-27T20:40:00,user_008,"Напиши благодарственное письмо клиенту за долгосрочное партнёрство 

Контекст: Работаю над проектом в сфере IT, команда из 10 человек. Срочность: высокая. Дополнительные требования: стиль — деловой, объём — подробно.

Напиши благодарственное письмо клиенту за долгосрочное партнёрство Напиши благодарственное письмо клиенту за долгосрочное партнёрство Напиши благодарственное письмо клиенту за долгосрочное партнёрство Напиши благодарственное письмо клиенту за долгосрочное партнёрство Напиши благодарственное письмо клиенту за долгосрочное партнёрство",Генерация текста,Написание деловых писем,63485,13.25,5
067eea56,2024-05-28T02:38:00,user_003,"Создай скрипт для автоматического парсинга новостных сайтов 

Контекст: Работаю над проектом в сфере IT, команда из 10 человек. Срочность: средняя. Дополнительные требования: стиль — деловой, объём — подробно.

Создай скрипт для автоматического парсинга новостных сайтов Создай скрипт для автоматического парсинга новостных сайтов Создай скрипт для автоматического парсинга новостных сайтов Создай скрипт для автоматического парсинга новостных сайтов",Написание кода,Автоматизация рутины,108880,35.94,1
bf7e67ad,2024-05-28T08:04:00,user_029,"Создай дашборд с ключевыми метриками бизнеса 

Контекст: Работаю над проектом в сфере IT, команда из 10 человек. Срочность: средняя. Дополнительные требования: стиль — деловой, объём — подробно.

Создай дашборд с ключевыми метриками бизнеса Создай дашборд с ключевыми метриками бизнеса Создай дашборд с ключевыми метриками бизнеса",Анализ данных,Визуализация данных,145636,33.41,
70a280c0,2024-05-28T19:14:00,user_011,"Составь скрипт для звонка недовольному клиенту 

Контекст: Работаю над проектом в сфере IT, команда из 10 человек. Срочность: высокая. Дополнительные требования: стиль — деловой, объём — подробно.

Составь скрипт для звонка недовольному клиенту Составь скрипт для звонка недовольному клиенту Составь скрипт для звонка недовольному клиенту Составь скрипт для звонка недовольному клиенту Составь скрипт для звонка недовольному клиенту Составь скрипт для звонка недовольному клиенту Составь скрипт для звонка недовольному клиенту Составь скрипт для звонка недовольному клиенту",Работа с клиентами,Поддержка клиентов,119345,27.0,1
1aa02b66,2024-05-28T22:38:00,user_036,"Оцени риски перехода на новую технологию 

Контекст: Работаю над проектом в сфере IT, команда из 10 человек. Срочность: высокая. Дополнительные требования: стиль — деловой, объём — кратко.

Оцени риски перехода на новую технологию Оцени риски перехода на новую технологию Оцени риски перехода на новую технологию",Обучение и онбординг,Стратегические вопросы,56695,9.8,
f15bd08a,2024-05-29T14:08:00,user_013,"Составь черновик ответа на письмо от инвестора 

Контекст: Работаю над проектом в сфере IT, команда из 10 человек. Срочность: высокая. Дополнительные требования: стиль — деловой, объём — подробно.

Составь черновик ответа на письмо от инвестора Составь черновик ответа на письмо от инвестора Составь черновик ответа на письмо от инвестора Составь черновик ответа на письмо от инвестора Составь черновик ответа на письмо от инвестора",Работа с документами,Мониторинг почты,111284,43.01,
77a3a5d0,2024-05-30T11:19:00,user_002,"Напиши follow-up письмо после деловой встречи 

Контекст: Работаю над проектом в сфере IT, команда из 10 человек. Срочность: высокая. Дополнительные требования: стиль — деловой, объём — подробно.

Напиши follow-up письмо после деловой встречи Напиши follow-up письмо после деловой встречи Напиши follow-up письмо после деловой встречи",Работа с клиентами,Продажи и переговоры,93743,42.19,2
e97263a1,2024-05-30T17:38:00,user_033,"Напиши программу для конвертации документов из PDF в Word 

Контекст: Работаю над проектом в сфере IT, команда из 10 человек. Срочность: средняя. Дополнительные требования: стиль — деловой, объём — подробно.

Напиши программу для конвертации документов из PDF в Word Напиши программу для конвертации документов из PDF в Word Напиши программу для конвертации документов из PDF в Word Напиши программу для конвертации документов из PDF в Word Напиши программу для конвертации документов из PDF в Word",Написание кода,Автоматизация рутины,53338,4.71,5
c4d41ec8,2024-05-31T04:06:00,user_040,"Создай шаблон письма о плановых технических работах 

Контекст: Работаю над проектом в сфере IT, команда из 10 человек. Срочность: средняя. Дополнительные требования: стиль — деловой, объём — подробно.

Создай шаблон письма о плановых технических работах Создай шаблон письма о плановых технических работах Создай шаблон письма о плановых технических работах Создай шаблон письма о плановых технических работах Создай шаблон письма о плановых технических работах Создай шаблон письма о плановых технических работах Создай шаблон письма о плановых технических работах",Работа с клиентами,Поддержка клиентов,54718,29.34,5
fd31fdb7,2024-05-31T21:24:00,user_007,"Создай скрипт для автоматического бэкапа базы данных 

Контекст: Работаю над проектом в сфере IT, команда из 10 человек. Срочность: средняя. Дополнительные требования: стиль — деловой, объём — подробно.

Создай скрипт для автоматического бэкапа базы данных Создай скрипт для автоматического бэкапа базы данных Создай скрипт для автоматического бэкапа базы данных Создай скрипт для автоматического бэкапа базы данных Создай скрипт для автоматического бэкапа базы данных Создай скрипт для автоматического бэкапа базы данных",Написание кода,Автоматизация рутины,57987,33.71,2
b61c59e8,2024-06-01T02:38:00,user_008,"Проведи code review этого модуля и найди уязвимости 

Контекст: Работаю над проектом в сфере IT, команда из 10 человек. Срочность: средняя. Дополнительные требования: стиль — деловой, объём — кратко.

Проведи code review этого модуля и найди уязвимости Проведи code review этого модуля и найди уязвимости Проведи code review этого модуля и найди уязвимости Проведи code review этого модуля и найди уязвимости Проведи code review этого модуля и найди уязвимости Проведи code review этого модуля и найди уязвимости Проведи code review этого модуля и найди уязвимости Проведи code review этого модуля и найди уязвимости",Написание кода,Анализ и оптимизация кода,115788,15.11,
3565a821,2024-06-01T10:59:00,user_038,"Создай скрипт для автоматической отправки отчётов по email 

Контекст: Работаю над проектом в сфере IT, команда из 10 человек. Срочность: средняя. Дополнительные требования: стиль — деловой, объём — кратко.

Создай скрипт для автоматической отправки отчётов по email Создай скрипт для автоматической отправки отчётов по email Создай скрипт для автоматической отправки отчётов по email",Написание кода,Автоматизация рутины,132609,37.76,4
02616d92,2024-06-01T13:34:00,user_028,"Переведи техническую документацию на английский язык 

Контекст: Работаю над проектом в сфере IT, команда из 10 человек. Срочность: средняя. Дополнительные требования: стиль — деловой, объём — подробно.

Переведи техническую документацию на английский язык Переведи техническую документацию на английский язык Переведи техническую документацию на английский язык Переведи техническую документацию на английский язык",Работа с документами,Обработка документов,142434,23.28,3
94c0e217,2024-06-01T14:22:00,user_020,"Напиши REST API на FastAPI для управления пользователями 

Контекст: Работаю над проектом в сфере IT, команда из 10 человек. Срочность: высокая. Дополнительные требования: стиль — деловой, объём — подробно.

Напиши REST API на FastAPI для управления пользователями Напиши REST API на FastAPI для управления пользователями Напиши REST API на FastAPI для управления пользователями Напиши REST API на FastAPI для управления пользователями Напиши REST API на FastAPI для управления пользователями Напиши REST API на FastAPI для управления пользователями Напиши REST API на FastAPI для управления пользователями",Написание кода,Разработка веб-приложений,96918,15.79,3
343f5d3d,2024-06-02T08:12:00,user_001,"Напиши пошаговую инструкцию для онбординга в отдел продаж 

Контекст: Работаю над проектом в сфере IT, команда из 10 человек. Срочность: высокая. Дополнительные требования: стиль — деловой, объём — кратко.

Напиши пошаговую инструкцию для онбординга в отдел продаж Напиши пошаговую инструкцию для онбординга в отдел продаж Напиши пошаговую инструкцию для онбординга в отдел продаж Напиши пошаговую инструкцию для онбординга в отдел продаж Напиши пошаговую инструкцию для онбординга в отдел продаж",Обучение и онбординг,Обучение сотрудников,61453,15.42,1
b83ca12f,2024-06-02T15:16:00,user_024,"Создай компонент React для отображения графиков 

Контекст: Работаю над проектом в сфере IT, команда из 10 человек. Срочность: средняя. Дополнительные требования: стиль — деловой, объём — кратко.

Создай компонент React для отображения графиков Создай компонент React для отображения графиков Создай компонент React для отображения графиков Создай компонент React для отображения графиков Создай компонент React для отображения графиков Создай компонент React для отображения графиков Создай компонент React для отображения графиков Создай компонент React для отображения графиков",Написание кода,Разработка веб-приложений,56438,9.06,1
f3bc3780,2024-06-03T03:02:00,user_038,"Составь резюме научной статьи для руководства 

Контекст: Работаю над проектом в сфере IT, команда из 10 человек. Срочность: средняя. Дополнительные требования: стиль — деловой, объём — подробно.

Составь резюме научной статьи для руководства Составь резюме научной статьи для руководства Составь резюме научной статьи для руководства Составь резюме научной статьи для руководства",Генерация текста,Генерация отчётов и резюме,146506,7.53,3
673c37f2,2024-06-03T16:14:00,user_049,"Создай форму регистрации с валидацией на Vue.js 

Контекст: Работаю над проектом в сфере IT, команда из 10 человек. Срочность: средняя. Дополнительные требования: стиль — деловой, объём — подробно.

Создай форму регистрации с валидацией на Vue.js Создай форму регистрации с валидацией на Vue.js Создай форму регистрации с валидацией на Vue.js Создай форму регистрации с валидацией на Vue.js Создай форму регистрации с валидацией на Vue.js",Написание кода,Разработка веб-приложений,66199,22.73,1
45215618,2024-06-03T23:15:00,user_025,"Напиши программу для пакетного переименования файлов 

Контекст: Работаю над проектом в сфере IT, команда из 10 человек. Срочность: высокая. Дополнительные требования: стиль — деловой, объём — кратко.

Напиши программу для пакетного переименования файлов Напиши программу для пакетного переименования файлов Напиши программу для пакетного переименования файлов Напиши программу для пакетного переименования файлов",Написание кода,Автоматизация рутины,86904,2.02,
91234a01,2024-06-04T01:20:00,user_026,"Объясни архитектуру нашего проекта новому разработчику 

Контекст: Работаю над проектом в сфере IT, команда из 10 человек. Срочность: высокая. Дополнительные требования: стиль — деловой, объём — кратко.

Объясни архитектуру нашего проекта новому разработчику Объясни архитектуру нашего проекта новому разработчику Объясни архитектуру нашего проекта новому разработчику",Обучение и онбординг,Обучение сотрудников,144131,28.27,4
16c6b126,2024-06-04T02:16:00,user_001,"Проведи когортный анализ пользователей нашего сервиса 

Контекст: Работаю над проектом в сфере IT, команда из 10 человек. Срочность: высокая. Дополнительные требования: стиль — деловой, объём — кратко.

Проведи когортный анализ пользователей нашего сервиса Проведи когортный анализ пользователей нашего сервиса Проведи когортный анализ пользователей нашего сервиса Проведи когортный анализ пользователей нашего сервиса Проведи когортный анализ пользователей нашего сервиса Проведи когортный анализ пользователей нашего сервиса",Анализ данных,Сбор аналитики,109010,30.06,1
2392ffc1,2024-06-04T03:16:00,user_035,"Объясни архитектуру нашего проекта новому разработчику 

Контекст: Работаю над проектом в сфере IT, команда из 10 человек. Срочность: высокая. Дополнительные требования: стиль — деловой, объём — подробно.

Объясни архитектуру нашего проекта новому разработчику Объясни архитектуру нашего проекта новому разработчику Объясни архитектуру нашего проекта новому разработчику Объясни архитектуру нашего проекта новому разработчику Объясни архитектуру нашего проекта новому разработчику Объясни архитектуру нашего проекта новому разработчику Объясни архитектуру нашего проекта новому разработчику",Обучение и онбординг,Обучение сотрудников,129096,14.22,3
c27bbd56,2024-06-05T22:12:00,user_042,"Составь резюме научной статьи для руководства 

Контекст: Работаю над проектом в сфере IT, команда из 10 человек. Срочность: средняя. Дополнительные требования: стиль — деловой, объём — кратко.

Составь резюме научной статьи для руководства Составь резюме научной статьи для руководства Составь резюме научной статьи для руководства Составь резюме научной статьи для руководства Составь резюме научной статьи для руководства",Генерация текста,Генерация отчётов и резюме,112270,2.69,3
8bab1b1c,2024-06-06T01:06:00,user_019,"Напиши ответ на вопрос клиента о тарифах 

Контекст: Работаю над проектом в сфере IT, команда из 10 человек. Срочность: средняя. Дополнительные требования: стиль — деловой, объём — подробно.

Напиши ответ на вопрос клиента о тарифах Напиши ответ на вопрос клиента о тарифах Напиши ответ на вопрос клиента о тарифах Напиши ответ на вопрос клиента о тарифах Напиши ответ на вопрос клиента о тарифах",Работа с клиентами,Поддержка клиентов,113547,15.57,3
cfdc806e,2024-06-06T11:37:00,user_050,"Напиши описание для bug report в Jira 

Контекст: Работаю над проектом в сфере IT, команда из 10 человек. Срочность: средняя. Дополнительные требования: стиль — деловой, объём — кратко.

Напиши описание для bug report в Jira Напиши описание для bug report в Jira Напиши описание для bug report в Jira",Работа с документами,Работа с Jira/Confluence,85835,41.44,5
59810faf,2024-06-06T17:53:00,user_036,"Найди и исправь memory leak в этом приложении 

Контекст: Работаю над проектом в сфере IT, команда из 10 человек. Срочность: высокая. Дополнительные требования: стиль — деловой, объём — подробно.

Найди и исправь memory leak в этом приложении Найди и исправь memory leak в этом приложении Найди и исправь memory leak в этом приложении",Написание кода,Анализ и оптимизация кода,73472,33.0,
b249d47a,2024-06-07T00:22:00,user_011,"Перепиши этот код с использованием паттерна Repository 

Контекст: Работаю над проектом в сфере IT, команда из 10 человек. Срочность: средняя. Дополнительные требования: стиль — деловой, объём — подробно.

Перепиши этот код с использованием паттерна Repository Перепиши этот код с использованием паттерна Repository Перепиши этот код с использованием паттерна Repository Перепиши этот код с использованием паттерна Repository Перепиши этот код с использованием паттерна Repository Перепиши этот код с использованием паттерна Repository Перепиши этот код с использованием паттерна Repository",Написание кода,Анализ и оптимизация кода,128392,23.01,5
ec302667,2024-06-07T17:29:00,user_041,"Напиши ответ на вопрос клиента о тарифах 

Контекст: Работаю над проектом в сфере IT, команда из 10 человек. Срочность: средняя. Дополнительные требования: стиль — деловой, объём — подробно.

Напиши ответ на вопрос клиента о тарифах Напиши ответ на вопрос клиента о тарифах Напиши ответ на вопрос клиента о тарифах",Работа с клиентами,Поддержка клиентов,126056,6.3,1
33c18969,2024-06-08T04:52:00,user_030,"Напиши follow-up письмо после деловой встречи 

Контекст: Работаю над проектом в сфере IT, команда из 10 человек. Срочность: средняя. Дополнительные требования: стиль — деловой, объём — кратко.

Напиши follow-up письмо после деловой встречи Напиши follow-up письмо после деловой встречи Напиши follow-up письмо после деловой встречи Напиши follow-up письмо после деловой встречи Напиши follow-up письмо после деловой встречи Напиши follow-up письмо после деловой встречи",Работа с клиентами,Продажи и переговоры,71794,29.99,5
2f048960,2024-06-08T18:08:00,user_010,"Как организовать code review в команде из 15 человек? 

Контекст: Работаю над проектом в сфере IT, команда из 10 человек. Срочность: высокая. Дополнительные требования: стиль — деловой, объём — подробно.

Как организовать code review в команде из 15 человек? Как организовать code review в команде из 15 человек? Как организовать code review в команде из 15 человек?",Обучение и онбординг,Стратегические вопросы,120303,22.59,4
d5383cec,2024-06-09T09:01:00,user_046,"Создай CI/CD пайплайн для автоматического деплоя 

Контекст: Работаю над проектом в сфере IT, команда из 10 человек. Срочность: средняя. Дополнительные требования: стиль — деловой, объём — кратко.

Создай CI/CD пайплайн для автоматического деплоя Создай CI/CD пайплайн для автоматического деплоя Создай CI/CD пайплайн для автоматического деплоя Создай CI/CD пайплайн для автоматического деплоя Создай CI/CD пайплайн для автоматического деплоя",Написание кода,Разработка веб-приложений,91589,40.74,1
b32cd1f8,2024-06-09T17:21:00,user_027,"Объясни принципы работы нашей CI/CD трубы 

Контекст: Работаю над проектом в сфере IT, команда из 10 человек. Срочность: средняя. Дополнительные требования: стиль — деловой, объём — подробно.

Объясни принципы работы нашей CI/CD трубы Объясни принципы работы нашей CI/CD трубы Объясни принципы работы нашей CI/CD трубы Объясни принципы работы нашей CI/CD трубы",Обучение и онбординг,Обучение сотрудников,102154,24.37,5
4df1da5a,2024-06-09T17:29:00,user_024,"Создай задачу в Jira для исправления бага в платёжной системе 

Контекст: Работаю над проектом в сфере IT, команда из 10 человек. Срочность: высокая. Дополнительные требования: стиль — деловой, объём — кратко.

Создай задачу в Jira для исправления бага в платёжной системе Создай задачу в Jira для исправления бага в платёжной системе Создай задачу в Jira для исправления бага в платёжной системе Создай задачу в Jira для исправления бага в платёжной системе",Работа с документами,Работа с Jira/Confluence,60357,43.19,
d128d362,2024-06-10T09:26:00,user_046,"Составь скрипт для звонка недовольному клиенту 

Контекст: Работаю над проектом в сфере IT, команда из 10 человек. Срочность: средняя. Дополнительные требования: стиль — деловой, объём — подробно.

Составь скрипт для звонка недовольному клиенту Составь скрипт для звонка недовольному клиенту Составь скрипт для звонка недовольному клиенту",Работа с клиентами,Поддержка клиентов,131463,30.24,1
8e2be34f,2024-06-10T11:57:00,user_009,"Напиши программу для пакетного переименования файлов 

Контекст: Работаю над проектом в сфере IT, команда из 10 человек. Срочность: высокая. Дополнительные требования: стиль — деловой, объём — кратко.

Напиши программу для пакетного переименования файлов Напиши программу для пакетного переименования файлов Напиши программу для пакетного переименования файлов",Написание кода,Автоматизация рутины,139577,35.41,3
79083584,2024-06-10T13:09:00,user_010,"Оцени риски перехода на новую технологию 

Контекст: Работаю над проектом в сфере IT, команда из 10 человек. Срочность: средняя. Дополнительные требования: стиль — деловой, объём — подробно.

Оцени риски перехода на новую технологию Оцени риски перехода на новую технологию Оцени риски перехода на новую технологию",Обучение и онбординг,Стратегические вопросы,120428,32.96,
38e3f2b4,2024-06-10T13:13:00,user_025,"Проверь документ на соответствие стандартам компании 

Контекст: Работаю над проектом в сфере IT, команда из 10 человек. Срочность: средняя. Дополнительные требования: стиль — деловой, объём — кратко.

Проверь документ на соответствие стандартам компании Проверь документ на соответствие стандартам компании Проверь документ на соответствие стандартам компании Проверь документ на соответствие стандартам компании Проверь документ на соответствие стандартам компании Проверь документ на соответствие стандартам компании",Работа с документами,Обработка документов,66331,23.9,2
ca2f599d,2024-06-10T16:16:00,user_032,"Подготовь коммерческое предложение для крупного клиента 

Контекст: Работаю над проектом в сфере IT, команда из 10 человек. Срочность: средняя. Дополнительные требования: стиль — деловой, объём — подробно.

Подготовь коммерческое предложение для крупного клиента Подготовь коммерческое предложение для крупного клиента Подготовь коммерческое предложение для крупного клиента Подготовь коммерческое предложение для крупного клиента",Работа с клиентами,Продажи и переговоры,88493,12.03,1
4b7074c8,2024-06-10T19:10:00,user_020,"Напиши скрипт на Python для автоматической обработки CSV-файлов 

Контекст: Работаю над проектом в сфере IT, команда из 10 человек. Срочность: средняя. Дополнительные требования: стиль — деловой, объём — кратко.

Напиши скрипт на Python для автоматической обработки CSV-файлов Напиши скрипт на Python для автоматической обработки CSV-файлов Напиши скрипт на Python для автоматической обработки CSV-файлов Напиши скрипт на Python для автоматической обработки CSV-файлов",Написание кода,Автоматизация рутины,108024,31.18,3
7e14592b,2024-06-11T03:04:00,user_035,"Создай CRUD-эндпоинты для работы с товарами 

Контекст: Работаю над проектом в сфере IT, команда из 10 человек. Срочность: средняя. Дополнительные требования: стиль — деловой, объём — подробно.

Создай CRUD-эндпоинты для работы с товарами Создай CRUD-эндпоинты для работы с товарами Создай CRUD-эндпоинты для работы с товарами Создай CRUD-эндпоинты для работы с товарами Создай CRUD-эндпоинты для работы с товарами Создай CRUD-эндпоинты для работы с товарами Создай CRUD-эндпоинты для работы с товарами Создай CRUD-эндпоинты для работы с товарами",Написание кода,Разработка веб-приложений,108628,18.44,1
36d79ff6,2024-06-11T12:14:00,user_003,"Предскажи конверсию нового маркетингового канала 

Контекст: Работаю над проектом в сфере IT, команда из 10 человек. Срочность: высокая. Дополнительные требования: стиль — деловой, объём — кратко.

Предскажи конверсию нового маркетингового канала Предскажи конверсию нового маркетингового канала Предскажи конверсию нового маркетингового канала Предскажи конверсию нового маркетингового канала Предскажи конверсию нового маркетингового канала Предскажи конверсию нового маркетингового канала Предскажи конверсию нового маркетингового канала Предскажи конверсию нового маркетингового канала",Анализ данных,Прогнозирование,89318,43.32,1
35e8d506,2024-06-12T02:42:00,user_045,"Найди все письма с вложениями и опиши их содержимое 

Контекст: Работаю над проектом в сфере IT, команда из 10 человек. Срочность: высокая. Дополнительные требования: стиль — деловой, объём — подробно.

Найди все письма с вложениями и опиши их содержимое Найди все письма с вложениями и опиши их содержимое Найди все письма с вложениями и опиши их содержимое Найди все письма с вложениями и опиши их содержимое",Работа с документами,Мониторинг почты,91935,42.06,5
9f2090da,2024-06-13T08:26:00,user_039,"Напиши follow-up письмо после деловой встречи 

Контекст: Работаю над проектом в сфере IT, команда из 10 человек. Срочность: средняя. Дополнительные требования: стиль — деловой, объём — кратко.

Напиши follow-up письмо после деловой встречи Напиши follow-up письмо после деловой встречи Напиши follow-up письмо после деловой встречи",Работа с клиентами,Продажи и переговоры,111597,21.8,2
f7c65a2b,2024-06-13T14:09:00,user_022,"Проведи code review этого модуля и найди уязвимости 

Контекст: Работаю над проектом в сфере IT, команда из 10 человек. Срочность: средняя. Дополнительные требования: стиль — деловой, объём — кратко.

Проведи code review этого модуля и найди уязвимости Проведи code review этого модуля и найди уязвимости Проведи code review этого модуля и найди уязвимости Проведи code review этого модуля и найди уязвимости Проведи code review этого модуля и найди уязвимости Проведи code review этого модуля и найди уязвимости Проведи code review этого модуля и найди уязвимости Проведи code review этого модуля и найди уязвимости",Написание кода,Анализ и оптимизация кода,115021,23.71,2
abb0882c,2024-06-13T16:43:00,user_028,"Напиши сценарий для промо-видео 

Контекст: Работаю над проектом в сфере IT, команда из 10 человек. Срочность: средняя. Дополнительные требования: стиль — деловой, объём — кратко.

Напиши сценарий для промо-видео Напиши сценарий для промо-видео Напиши сценарий для промо-видео Напиши сценарий для промо-видео Напиши сценарий для промо-видео Напиши сценарий для промо-видео Напиши сценарий для промо-видео",Генерация текста,Создание маркетинговых текстов,53348,7.21,
eb175518,2024-06-13T20:14:00,user_020,"Визуализируй тренды ключевых метрик за год 

Контекст: Работаю над проектом в сфере IT, команда из 10 человек. Срочность: средняя. Дополнительные требования: стиль — деловой, объём — кратко.

Визуализируй тренды ключевых метрик за год Визуализируй тренды ключевых метрик за год Визуализируй тренды ключевых метрик за год Визуализируй тренды ключевых метрик за год",Анализ данных,Визуализация данных,133335,31.63,4
0b2d39fc,2024-06-14T01:06:00,user_027,"Напиши follow-up письмо после деловой встречи 

Контекст: Работаю над проектом в сфере IT, команда из 10 человек. Срочность: средняя. Дополнительные требования: стиль — деловой, объём — кратко.

Напиши follow-up письмо после деловой встречи Напиши follow-up письмо после деловой встречи Напиши follow-up письмо после деловой встречи",Работа с клиентами,Продажи и переговоры,140896,23.98,1
89ff210e,2024-06-14T08:47:00,user_030,"Предскажи конверсию нового маркетингового канала 

Контекст: Работаю над проектом в сфере IT, команда из 10 человек. Срочность: средняя. Дополнительные требования: стиль — деловой, объём — кратко.

Предскажи конверсию нового маркетингового канала Предскажи конверсию нового маркетингового канала Предскажи конверсию нового маркетингового канала",Анализ данных,Прогнозирование,95121,41.71,4
87c2e689,2024-06-14T21:42:00,user_037,"Напиши письмо руководителю с запросом на выделение бюджета 

Контекст: Работаю над проектом в сфере IT, команда из 10 человек. Срочность: средняя. Дополнительные требования: стиль — деловой, объём — кратко.

Напиши письмо руководителю с запросом на выделение бюджета Напиши письмо руководителю с запросом на выделение бюджета Напиши письмо руководителю с запросом на выделение бюджета Напиши письмо руководителю с запросом на выделение бюджета Напиши письмо руководителю с запросом на выделение бюджета Напиши письмо руководителю с запросом на выделение бюджета",Генерация текста,Написание деловых писем,66412,3.18,1
5003f82f,2024-06-14T22:12:00,user_021,"Создай FAQ по часто задаваемым вопросам клиентов 

Контекст: Работаю над проектом в сфере IT, команда из 10 человек. Срочность: средняя. Дополнительные требования: стиль — деловой, объём — подробно.

Создай FAQ по часто задаваемым вопросам клиентов Создай FAQ по часто задаваемым вопросам клиентов Создай FAQ по часто задаваемым вопросам клиентов Создай FAQ по часто задаваемым вопросам клиентов Создай FAQ по часто задаваемым вопросам клиентов",Работа с клиентами,Поддержка клиентов,63620,35.39,
6a99e36f,2024-06-14T22:22:00,user_043,"Объясни разницу между REST и GraphQL простым языком 

Контекст: Работаю над проектом в сфере IT, команда из 10 человек. Срочность: средняя. Дополнительные требования: стиль — деловой, объём — подробно.

Объясни разницу между REST и GraphQL простым языком Объясни разницу между REST и GraphQL простым языком Объясни разницу между REST и GraphQL простым языком",Обучение и онбординг,Технические вопросы,117584,32.31,4
a3def82a,2024-06-15T12:10:00,user_032,"Рефакторинг: разбей этот файл на модули 

Контекст: Работаю над проектом в сфере IT, команда из 10 человек. Срочность: средняя. Дополнительные требования: стиль — деловой, объём — подробно.

Рефакторинг: разбей этот файл на модули Рефакторинг: разбей этот файл на модули Рефакторинг: разбей этот файл на модули",Написание кода,Анализ и оптимизация кода,120135,41.51,2
19528ecb,2024-06-15T17:08:00,user_023,"Составь план переговоров с ключевым клиентом 

Контекст: Работаю над проектом в сфере IT, команда из 10 человек. Срочность: высокая. Дополнительные требования: стиль — деловой, объём — кратко.

Составь план переговоров с ключевым клиентом Составь план переговоров с ключевым клиентом Составь план переговоров с ключевым клиентом Составь план переговоров с ключевым клиентом",Работа с клиентами,Продажи и переговоры,115109,24.75,2
6ce2be3e,2024-06-16T00:49:00,user_028,"Переведи техническую документацию на английский язык 

Контекст: Работаю над проектом в сфере IT, команда из 10 человек. Срочность: высокая. Дополнительные требования: стиль — деловой, объём — подробно.

Переведи техническую документацию на английский язык Переведи техническую документацию на английский язык Переведи техническую документацию на английский язык Переведи техническую документацию на английский язык Переведи техническую документацию на английский язык Переведи техническую документацию на английский язык",Работа с документами,Обработка документов,105777,13.34,3
644034fb,2024-06-16T01:37:00,user_019,"Проверь входящие и составь краткую сводку важных писем 

Контекст: Работаю над проектом в сфере IT, команда из 10 человек. Срочность: средняя. Дополнительные требования: стиль — деловой, объём — кратко.

Проверь входящие и составь краткую сводку важных писем Проверь входящие и составь краткую сводку важных писем Проверь входящие и составь краткую сводку важных писем Проверь входящие и составь краткую сводку важных писем Проверь входящие и составь краткую сводку важных писем Проверь входящие и составь краткую сводку важных писем Проверь входящие и составь краткую сводку важных писем",Работа с документами,Мониторинг почты,72604,2.6,
e0561add,2024-06-16T05:23:00,user_034,"Предскажи вероятность оттока для каждого клиента 

Контекст: Работаю над проектом в сфере IT, команда из 10 человек. Срочность: средняя. Дополнительные требования: стиль — деловой, объём — подробно.

Предскажи вероятность оттока для каждого клиента Предскажи вероятность оттока для каждого клиента Предскажи вероятность оттока для каждого клиента Предскажи вероятность оттока для каждого клиента Предскажи вероятность оттока для каждого клиента Предскажи вероятность оттока для каждого клиента Предскажи вероятность оттока для каждого клиента Предскажи вероятность оттока для каждого клиента",Анализ данных,Прогнозирование,104205,39.91,3
2af6b3c4,2024-06-16T05:47:00,user_029,"Напиши письмо руководителю с запросом на выделение бюджета 

Контекст: Работаю над проектом в сфере IT, команда из 10 человек. Срочность: высокая. Дополнительные требования: стиль — деловой, объём — кратко.

Напиши письмо руководителю с запросом на выделение бюджета Напиши письмо руководителю с запросом на выделение бюджета Напиши письмо руководителю с запросом на выделение бюджета Напиши письмо руководителю с запросом на выделение бюджета Напиши письмо руководителю с запросом на выделение бюджета Напиши письмо руководителю с запросом на выделение бюджета Напиши письмо руководителю с запросом на выделение бюджета",Генерация текста,Написание деловых писем,64226,16.14,5
2860fe9b,2024-06-16T09:40:00,user_047,"Составь отчёт о непрочитанных письмах за день 

Контекст: Работаю над проектом в сфере IT, команда из 10 человек. Срочность: средняя. Дополнительные требования: стиль — деловой, объём — подробно.

Составь отчёт о непрочитанных письмах за день Составь отчёт о непрочитанных письмах за день Составь отчёт о непрочитанных письмах за день Составь отчёт о непрочитанных письмах за день Составь отчёт о непрочитанных письмах за день Составь отчёт о непрочитанных письмах за день Составь отчёт о непрочитанных письмах за день",Работа с документами,Мониторинг почты,107742,25.87,4
7639f9b5,2024-06-16T21:44:00,user_041,"Напиши программу для пакетного переименования файлов 

Контекст: Работаю над проектом в сфере IT, команда из 10 человек. Срочность: средняя. Дополнительные требования: стиль — деловой, объём — подробно.

Напиши программу для пакетного переименования файлов Напиши программу для пакетного переименования файлов Напиши программу для пакетного переименования файлов",Написание кода,Автоматизация рутины,88965,39.2,1
b6607e0c,2024-06-17T03:51:00,user_024,"Построй прогноз выручки на следующий квартал 

Контекст: Работаю над проектом в сфере IT, команда из 10 человек. Срочность: высокая. Дополнительные требования: стиль — деловой, объём — кратко.

Построй прогноз выручки на следующий квартал Построй прогноз выручки на следующий квартал Построй прогноз выручки на следующий квартал Построй прогноз выручки на следующий квартал Построй прогноз выручки на следующий квартал Построй прогноз выручки на следующий квартал Построй прогноз выручки на следующий квартал Построй прогноз выручки на следующий квартал",Анализ данных,Прогнозирование,114205,43.11,5
f59233e3,2024-06-17T06:38:00,user_003,"Проведи когортный анализ пользователей нашего сервиса 

Контекст: Работаю над проектом в сфере IT, команда из 10 человек. Срочность: высокая. Дополнительные требования: стиль — деловой, объём — кратко.

Проведи когортный анализ пользователей нашего сервиса Проведи когортный анализ пользователей нашего сервиса Проведи когортный анализ пользователей нашего сервиса",Анализ данных,Сбор аналитики,96208,2.16,2
f6186e4b,2024-06-17T11:55:00,user_045,"Напиши скрипт холодного звонка для нового продукта 

Контекст: Работаю над проектом в сфере IT, команда из 10 человек. Срочность: высокая. Дополнительные требования: стиль — деловой, объём — кратко.

Напиши скрипт холодного звонка для нового продукта Напиши скрипт холодного звонка для нового продукта Напиши скрипт холодного звонка для нового продукта Напиши скрипт холодного звонка для нового продукта Напиши скрипт холодного звонка для нового продукта",Работа с клиентами,Продажи и переговоры,54478,24.01,2
48b0c8d8,2024-06-17T21:32:00,user_043,"Извлеки ключевые данные из договора и заполни таблицу 

Контекст: Работаю над проектом в сфере IT, команда из 10 человек. Срочность: средняя. Дополнительные требования: стиль — деловой, объём — подробно.

Извлеки ключевые данные из договора и заполни таблицу Извлеки ключевые данные из договора и заполни таблицу Извлеки ключевые данные из договора и заполни таблицу",Работа с документами,Обработка документов,80367,4.94,4
d3352c7b,2024-06-18T03:20:00,user_031,"Подготовь деловое письмо с предложением о сотрудничестве 

Контекст: Работаю над проектом в сфере IT, команда из 10 человек. Срочность: средняя. Дополнительные требования: стиль — деловой, объём — подробно.

Подготовь деловое письмо с предложением о сотрудничестве Подготовь деловое письмо с предложением о сотрудничестве Подготовь деловое письмо с предложением о сотрудничестве Подготовь деловое письмо с предложением о сотрудничестве",Генерация текста,Написание деловых писем,136920,3.24,1
90fb29e3,2024-06-18T06:38:00,user_001,"Напиши middleware для аутентификации в Express.js 

Контекст: Работаю над проектом в сфере IT, команда из 10 человек. Срочность: высокая. Дополнительные требования: стиль — деловой, объём — кратко.

Напиши middleware для аутентификации в Express.js Напиши middleware для аутентификации в Express.js Напиши middleware для аутентификации в Express.js Напиши middleware для аутентификации в Express.js",Написание кода,Разработка веб-приложений,146354,12.2,1
b9490368,2024-06-18T11:46:00,user_019,"Создай скрипт для автоматического бэкапа базы данных 

Контекст: Работаю над проектом в сфере IT, команда из 10 человек. Срочность: средняя. Дополнительные требования: стиль — деловой, объём — кратко.

Создай скрипт для автоматического бэкапа базы данных Создай скрипт для автоматического бэкапа базы данных Создай скрипт для автоматического бэкапа базы данных Создай скрипт для автоматического бэкапа базы данных Создай скрипт для автоматического бэкапа базы данных Создай скрипт для автоматического бэкапа базы данных Создай скрипт для автоматического бэкапа базы данных",Написание кода,Автоматизация рутины,92662,42.44,4
df21fd85,2024-06-18T12:40:00,user_018,"Составь скрипт для звонка недовольному клиенту 

Контекст: Работаю над проектом в сфере IT, команда из 10 человек. Срочность: средняя. Дополнительные требования: стиль — деловой, объём — подробно.

Составь скрипт для звонка недовольному клиенту Составь скрипт для звонка недовольному клиенту Составь скрипт для звонка недовольному клиенту Составь скрипт для звонка недовольному клиенту",Работа с клиентами,Поддержка клиентов,141389,23.81,5
a6347ec9,2024-06-18T18:29:00,user_012,"Исправь race condition в многопоточном коде 

Контекст: Работаю над проектом в сфере IT, команда из 10 человек. Срочность: средняя. Дополнительные требования: стиль — деловой, объём — подробно.

Исправь race condition в многопоточном коде Исправь race condition в многопоточном коде Исправь race condition в многопоточном коде Исправь race condition в многопоточном коде Исправь race condition в многопоточном коде Исправь race condition в многопоточном коде",Написание кода,Анализ и оптимизация кода,137890,43.92,4
a34d958b,2024-06-18T21:34:00,user_036,"Создай FAQ по часто задаваемым вопросам клиентов 

Контекст: Работаю над проектом в сфере IT, команда из 10 человек. Срочность: средняя. Дополнительные требования: стиль — деловой, объём — кратко.

Создай FAQ по часто задаваемым вопросам клиентов Создай FAQ по часто задаваемым вопросам клиентов Создай FAQ по часто задаваемым вопросам клиентов Создай FAQ по часто задаваемым вопросам клиентов",Работа с клиентами,Поддержка клиентов,142796,40.18,1
e0802082,2024-06-20T09:01:00,user_012,"Составь деловое письмо о расторжении договора 

Контекст: Работаю над проектом в сфере IT, команда из 10 человек. Срочность: средняя. Дополнительные требования: стиль — деловой, объём — подробно.

Составь деловое письмо о расторжении договора Составь деловое письмо о расторжении договора Составь деловое письмо о расторжении договора Составь деловое письмо о расторжении договора Составь деловое письмо о расторжении договора Составь деловое письмо о расторжении договора Составь деловое письмо о расторжении договора",Генерация текста,Написание деловых писем,135604,5.08,1
fffbddf9,2024-06-20T09:22:00,user_028,"Построй график динамики выручки по месяцам 

Контекст: Работаю над проектом в сфере IT, команда из 10 человек. Срочность: средняя. Дополнительные требования: стиль — деловой, объём — кратко.

Построй график динамики выручки по месяцам Построй график динамики выручки по месяцам Построй график динамики выручки по месяцам Построй график динамики выручки по месяцам",Анализ данных,Визуализация данных,142975,27.48,5
f276cc09,2024-06-20T13:49:00,user_030,"Построй прогноз выручки на следующий квартал 

Контекст: Работаю над проектом в сфере IT, команда из 10 человек. Срочность: средняя. Дополнительные требования: стиль — деловой, объём — кратко.

Построй прогноз выручки на следующий квартал Построй прогноз выручки на следующий квартал Построй прогноз выручки на следующий квартал Построй прогноз выручки на следующий квартал Построй прогноз выручки на следующий квартал Построй прогноз выручки на следующий квартал Построй прогноз выручки на следующий квартал Построй прогноз выручки на следующий квартал",Анализ данных,Прогнозирование,145570,22.26,2
11d557db,2024-06-20T14:40:00,user_048,"Составь резюме встречи по итогам обсуждения 

Контекст: Работаю над проектом в сфере IT, команда из 10 человек. Срочность: средняя. Дополнительные требования: стиль — деловой, объём — подробно.

Составь резюме встречи по итогам обсуждения Составь резюме встречи по итогам обсуждения Составь резюме встречи по итогам обсуждения Составь резюме встречи по итогам обсуждения Составь резюме встречи по итогам обсуждения Составь резюме встречи по итогам обсуждения",Генерация текста,Генерация отчётов и резюме,69815,40.99,5
d5a1ede8,2024-06-20T18:03:00,user_014,"Построй scatter plot для анализа зависимости LTV от CAC 

Контекст: Работаю над проектом в сфере IT, команда из 10 человек. Срочность: средняя. Дополнительные требования: стиль — деловой, объём — кратко.

Построй scatter plot для анализа зависимости LTV от CAC Построй scatter plot для анализа зависимости LTV от CAC Построй scatter plot для анализа зависимости LTV от CAC",Анализ данных,Визуализация данных,83919,11.14,4
c58dfa23,2024-06-20T19:22:00,user_006,"Создай обучающий материал по работе с нашей CRM-системой 

Контекст: Работаю над проектом в сфере IT, команда из 10 человек. Срочность: средняя. Дополнительные требования: стиль — деловой, объём — кратко.

Создай обучающий материал по работе с нашей CRM-системой Создай обучающий материал по работе с нашей CRM-системой Создай обучающий материал по работе с нашей CRM-системой",Обучение и онбординг,Обучение сотрудников,53279,42.94,4
c8a95f16,2024-06-20T23:55:00,user_001,"Создай обучающий материал по работе с нашей CRM-системой 

Контекст: Работаю над проектом в сфере IT, команда из 10 человек. Срочность: средняя. Дополнительные требования: стиль — деловой, объём — подробно.

Создай обучающий материал по работе с нашей CRM-системой Создай обучающий материал по работе с нашей CRM-системой Создай обучающий материал по работе с нашей CRM-системой",Обучение и онбординг,Обучение сотрудников,109369,27.86,
d231f384,2024-06-21T10:16:00,user_013,"Переведи техническую документацию на английский язык 

Контекст: Работаю над проектом в сфере IT, команда из 10 человек. Срочность: средняя. Дополнительные требования: стиль — деловой, объём — кратко.

Переведи техническую документацию на английский язык Переведи техническую документацию на английский язык Переведи техническую документацию на английский язык Переведи техническую документацию на английский язык Переведи техническую документацию на английский язык Переведи техническую документацию на английский язык Переведи техническую документацию на английский язык Переведи техническую документацию на английский язык",Работа с документами,Обработка документов,139103,8.39,1
2b498e5e,2024-06-21T16:12:00,user_017,"Составь отчёт об анализе рынка для инвесторов 

Контекст: Работаю над проектом в сфере IT, команда из 10 человек. Срочность: средняя. Дополнительные требования: стиль — деловой, объём — подробно.

Составь отчёт об анализе рынка для инвесторов Составь отчёт об анализе рынка для инвесторов Составь отчёт об анализе рынка для инвесторов Составь отчёт об анализе рынка для инвесторов Составь отчёт об анализе рынка для инвесторов Составь отчёт об анализе рынка для инвесторов Составь отчёт об анализе рынка для инвесторов",Генерация текста,Генерация отчётов и резюме,135056,33.08,4
23b02c00,2024-06-21T16:51:00,user_045,"Создай epic для нового функционала в Jira 

Контекст: Работаю над проектом в сфере IT, команда из 10 человек. Срочность: высокая. Дополнительные требования: стиль — деловой, объём — кратко.

Создай epic для нового функционала в Jira Создай epic для нового функционала в Jira Создай epic для нового функционала в Jira Создай epic для нового функционала в Jira Создай epic для нового функционала в Jira Создай epic для нового функционала в Jira Создай epic для нового функционала в Jira",Работа с документами,Работа с Jira/Confluence,59871,29.99,3
35909b41,2024-06-22T00:02:00,user_043,"Создай epic для нового функционала в Jira 

Контекст: Работаю над проектом в сфере IT, команда из 10 человек. Срочность: средняя. Дополнительные требования: стиль — деловой, объём — подробно.

Создай epic для нового функционала в Jira Создай epic для нового функционала в Jira Создай epic для нового функционала в Jira Создай epic для нового функционала в Jira Создай epic для нового функционала в Jira Создай epic для нового функционала в Jira Создай epic для нового функционала в Jira",Работа с документами,Работа с Jira/Confluence,132770,14.7,2
09767757,2024-06-22T08:26:00,user_011,"Напиши сценарий для промо-видео 

Контекст: Работаю над проектом в сфере IT, команда из 10 человек. Срочность: высокая. Дополнительные требования: стиль — деловой, объём — подробно.

Напиши сценарий для промо-видео Напиши сценарий для промо-видео Напиши сценарий для промо-видео Напиши сценарий для промо-видео Напиши сценарий для промо-видео Напиши сценарий для промо-видео Напиши сценарий для промо-видео",Генерация текста,Создание маркетинговых текстов,88480,37.6,4
10a28759,2024-06-22T08:36:00,user_025,"Напиши скрипт холодного звонка для нового продукта 

Контекст: Работаю над проектом в сфере IT, команда из 10 человек. Срочность: средняя. Дополнительные требования: стиль — деловой, объём — подробно.

Напиши скрипт холодного звонка для нового продукта Напиши скрипт холодного звонка для нового продукта Напиши скрипт холодного звонка для нового продукта Напиши скрипт холодного звонка для нового продукта",Работа с клиентами,Продажи и переговоры,115148,15.51,3
e66161a0,2024-06-22T09:13:00,user_004,"Построй график динамики выручки по месяцам 

Контекст: Работаю над проектом в сфере IT, команда из 10 человек. Срочность: средняя. Дополнительные требования: стиль — деловой, объём — кратко.

Построй график динамики выручки по месяцам Построй график динамики выручки по месяцам Построй график динамики выручки по месяцам Построй график динамики выручки по месяцам Построй график динамики выручки по месяцам",Анализ данных,Визуализация данных,50048,25.78,
cc1e003e,2024-06-22T10:49:00,user_012,"Составь сопроводительное письмо к коммерческому предложению 

Контекст: Работаю над проектом в сфере IT, команда из 10 человек. Срочность: средняя. Дополнительные требования: стиль — деловой, объём — подробно.

Составь сопроводительное письмо к коммерческому предложению Составь сопроводительное письмо к коммерческому предложению Составь сопроводительное письмо к коммерческому предложению Составь сопроводительное письмо к коммерческому предложению",Генерация текста,Написание деловых писем,65154,6.54,4
d9cdc879,2024-06-22T22:13:00,user_007,"Подготовь презентацию продукта для потенциального партнёра 

Контекст: Работаю над проектом в сфере IT, команда из 10 человек. Срочность: средняя. Дополнительные требования: стиль — деловой, объём — кратко.

Подготовь презентацию продукта для потенциального партнёра Подготовь презентацию продукта для потенциального партнёра Подготовь презентацию продукта для потенциального партнёра",Работа с клиентами,Продажи и переговоры,64310,26.43,2
ecfb84fa,2024-06-22T23:02:00,user_036,"Напиши email-рассылку для клиентов о скидках 

Контекст: Работаю над проектом в сфере IT, команда из 10 человек. Срочность: высокая. Дополнительные требования: стиль — деловой, объём — подробно.

Напиши email-рассылку для клиентов о скидках Напиши email-рассылку для клиентов о скидках Напиши email-рассылку для клиентов о скидках Напиши email-рассылку для клиентов о скидках",Генерация текста,Создание маркетинговых текстов,92730,24.99,2
e7a88cd2,2024-06-23T01:27:00,user_018,"Напиши Docker Compose конфигурацию для микросервисов 

Контекст: Работаю над проектом в сфере IT, команда из 10 человек. Срочность: средняя. Дополнительные требования: стиль — деловой, объём — кратко.

Напиши Docker Compose конфигурацию для микросервисов Напиши Docker Compose конфигурацию для микросервисов Напиши Docker Compose конфигурацию для микросервисов Напиши Docker Compose конфигурацию для микросервисов Напиши Docker Compose конфигурацию для микросервисов Напиши Docker Compose конфигурацию для микросервисов Напиши Docker Compose конфигурацию для микросервисов Напиши Docker Compose конфигурацию для микросервисов",Написание кода,Разработка веб-приложений,70456,35.65,1
7ca929b9,2024-06-23T02:59:00,user_043,"Подготовь деловое письмо с предложением о сотрудничестве 

Контекст: Работаю над проектом в сфере IT, команда из 10 человек. Срочность: средняя. Дополнительные требования: стиль — деловой, объём — подробно.

Подготовь деловое письмо с предложением о сотрудничестве Подготовь деловое письмо с предложением о сотрудничестве Подготовь деловое письмо с предложением о сотрудничестве Подготовь деловое письмо с предложением о сотрудничестве",Генерация текста,Написание деловых писем,91411,37.11,5
91318747,2024-06-23T20:17:00,user_012,"Предложи стратегию выхода на новый рынок 

Контекст: Работаю над проектом в сфере IT, команда из 10 человек. Срочность: средняя. Дополнительные требования: стиль — деловой, объём — подробно.

Предложи стратегию выхода на новый рынок Предложи стратегию выхода на новый рынок Предложи стратегию выхода на новый рынок Предложи стратегию выхода на новый рынок Предложи стратегию выхода на новый рынок Предложи стратегию выхода на новый рынок Предложи стратегию выхода на новый рынок",Обучение и онбординг,Стратегические вопросы,67719,39.08,5
9a3a68ed,2024-06-24T09:03:00,user_026,"Найди аномалии в данных о транзакциях 

Контекст: Работаю над проектом в сфере IT, команда из 10 человек. Срочность: средняя. Дополнительные требования: стиль — деловой, объём — кратко.

Найди аномалии в данных о транзакциях Найди аномалии в данных о транзакциях Найди аномалии в данных о транзакциях Найди аномалии в данных о транзакциях Найди аномалии в данных о транзакциях Найди аномалии в данных о транзакциях Найди аномалии в данных о транзакциях",Анализ данных,Сбор аналитики,140219,16.59,1
627b0dcc,2024-06-25T09:02:00,user_039,"Подготовь коммерческое предложение для крупного клиента 

Контекст: Работаю над проектом в сфере IT, команда из 10 человек. Срочность: средняя. Дополнительные требования: стиль — деловой, объём — подробно.

Подготовь коммерческое предложение для крупного клиента Подготовь коммерческое предложение для крупного клиента Подготовь коммерческое предложение для крупного клиента Подготовь коммерческое предложение для крупного клиента Подготовь коммерческое предложение для крупного клиента",Работа с клиентами,Продажи и переговоры,78380,41.4,4
99cc2b92,2024-06-26T02:59:00,user_023,"Составь план переговоров с ключевым клиентом 

Контекст: Работаю над проектом в сфере IT, команда из 10 человек. Срочность: средняя. Дополнительные требования: стиль — деловой, объём — кратко.

Составь план переговоров с ключевым клиентом Составь план переговоров с ключевым клиентом Составь план переговоров с ключевым клиентом Составь план переговоров с ключевым клиентом Составь план переговоров с ключевым клиентом Составь план переговоров с ключевым клиентом Составь план переговоров с ключевым клиентом",Работа с клиентами,Продажи и переговоры,132738,8.39,2
1912ff5c,2024-06-27T06:04:00,user_023,"Напиши ответ на вопрос клиента о тарифах 

Контекст: Работаю над проектом в сфере IT, команда из 10 человек. Срочность: средняя. Дополнительные требования: стиль — деловой, объём — подробно.

Напиши ответ на вопрос клиента о тарифах Напиши ответ на вопрос клиента о тарифах Напиши ответ на вопрос клиента о тарифах Напиши ответ на вопрос клиента о тарифах Напиши ответ на вопрос клиента о тарифах",Работа с клиентами,Поддержка клиентов,94931,22.2,5
25732c35,2024-06-27T14:37:00,user_028,"Найди аномалии в данных о транзакциях 

Контекст: Работаю над проектом в сфере IT, команда из 10 человек. Срочность: высокая. Дополнительные требования: стиль — деловой, объём — подробно.

Найди аномалии в данных о транзакциях Найди аномалии в данных о транзакциях Найди аномалии в данных о транзакциях Найди аномалии в данных о транзакциях Найди аномалии в данных о транзакциях Найди аномалии в данных о транзакциях Найди аномалии в данных о транзакциях",Анализ данных,Сбор аналитики,61270,28.2,1
32a2e2ba,2024-06-27T22:39:00,user_042,"Напиши скрипт холодного звонка для нового продукта 

Контекст: Работаю над проектом в сфере IT, команда из 10 человек. Срочность: средняя. Дополнительные требования: стиль — деловой, объём — подробно.

Напиши скрипт холодного звонка для нового продукта Напиши скрипт холодного звонка для нового продукта Напиши скрипт холодного звонка для нового продукта Напиши скрипт холодного звонка для нового продукта Напиши скрипт холодного звонка для нового продукта Напиши скрипт холодного звонка для нового продукта",Работа с клиентами,Продажи и переговоры,137225,18.44,3
6b76bcea,2024-06-28T08:53:00,user_042,"Создай FAQ по часто задаваемым вопросам клиентов 

Контекст: Работаю над проектом в сфере IT, команда из 10 человек. Срочность: высокая. Дополнительные требования: стиль — деловой, объём — подробно.

Создай FAQ по часто задаваемым вопросам клиентов Создай FAQ по часто задаваемым вопросам клиентов Создай FAQ по часто задаваемым вопросам клиентов Создай FAQ по часто задаваемым вопросам клиентов Создай FAQ по часто задаваемым вопросам клиентов Создай FAQ по часто задаваемым вопросам клиентов",Работа с клиентами,Поддержка клиентов,61381,31.55,1
6b39716f,2024-06-28T11:35:00,user_025,"Проведи A/B-тестирование и оцени статистическую значимость 

Контекст: Работаю над проектом в сфере IT, команда из 10 человек. Срочность: высокая. Дополнительные требования: стиль — деловой, объём — кратко.

Проведи A/B-тестирование и оцени статистическую значимость Проведи A/B-тестирование и оцени статистическую значимость Проведи A/B-тестирование и оцени статистическую значимость Проведи A/B-тестирование и оцени статистическую значимость Проведи A/B-тестирование и оцени статистическую значимость Проведи A/B-тестирование и оцени статистическую значимость Проведи A/B-тестирование и оцени статистическую значимость",Анализ данных,Сбор аналитики,85408,26.81,
538e3264,2024-06-28T12:39:00,user_033,"Напиши follow-up письмо после деловой встречи 

Контекст: Работаю над проектом в сфере IT, команда из 10 человек. Срочность: средняя. Дополнительные требования: стиль — деловой, объём — подробно.

Напиши follow-up письмо после деловой встречи Напиши follow-up письмо после деловой встречи Напиши follow-up письмо после деловой встречи Напиши follow-up письмо после деловой встречи",Работа с клиентами,Продажи и переговоры,54782,22.43,4
a506e8a7,2024-06-28T21:51:00,user_009,"Напиши ответ на вопрос клиента о тарифах 

Контекст: Работаю над проектом в сфере IT, команда из 10 человек. Срочность: средняя. Дополнительные требования: стиль — деловой, объём — кратко.

Напиши ответ на вопрос клиента о тарифах Напиши ответ на вопрос клиента о тарифах Напиши ответ на вопрос клиента о тарифах Напиши ответ на вопрос клиента о тарифах Напиши ответ на вопрос клиента о тарифах Напиши ответ на вопрос клиента о тарифах Напиши ответ на вопрос клиента о тарифах Напиши ответ на вопрос клиента о тарифах",Работа с клиентами,Поддержка клиентов,106852,26.13,
a298263e,2024-06-29T16:53:00,user_006,"Напиши итоговый отчёт по результатам проекта 

Контекст: Работаю над проектом в сфере IT, команда из 10 человек. Срочность: средняя. Дополнительные требования: стиль — деловой, объём — кратко.

Напиши итоговый отчёт по результатам проекта Напиши итоговый отчёт по результатам проекта Напиши итоговый отчёт по результатам проекта Напиши итоговый отчёт по результатам проекта Напиши итоговый отчёт по результатам проекта Напиши итоговый отчёт по результатам проекта Напиши итоговый отчёт по результатам проекта",Генерация текста,Генерация отчётов и резюме,72514,17.76,5
cd220cf0,2024-06-29T19:08:00,user_020,"Проведи когортный анализ пользователей нашего сервиса 

Контекст: Работаю над проектом в сфере IT, команда из 10 человек. Срочность: высокая. Дополнительные требования: стиль — деловой, объём — подробно.

Проведи когортный анализ пользователей нашего сервиса Проведи когортный анализ пользователей нашего сервиса Проведи когортный анализ пользователей нашего сервиса",Анализ данных,Сбор аналитики,112370,40.97,2
